prefix,test_name,collected_benchmark_avg_r2,collected_benchmark_avg_r2_iqr,collected_benchmark_avg_rmse,collected_benchmark_avg_rmse_iqr,collected_benchmark_Yaw_r2,collected_benchmark_Yaw_r2_iqr,collected_benchmark_Pitch_r2,collected_benchmark_Pitch_r2_iqr,collected_benchmark_Yaw_rmse,collected_benchmark_Yaw_rmse_iqr,collected_benchmark_Pitch_rmse,collected_benchmark_Pitch_rmse_iqr,collected_benchmark_mean_abs_latency_ms,collected_benchmark_mean_abs_latency_ms_iqr,secondary_benchmark_avg_r2,secondary_benchmark_avg_r2_iqr,secondary_benchmark_avg_rmse,secondary_benchmark_avg_rmse_iqr,secondary_benchmark_Yaw_r2,secondary_benchmark_Yaw_r2_iqr,secondary_benchmark_Pitch_r2,secondary_benchmark_Pitch_r2_iqr,secondary_benchmark_Yaw_rmse,secondary_benchmark_Yaw_rmse_iqr,secondary_benchmark_Pitch_rmse,secondary_benchmark_Pitch_rmse_iqr,secondary_benchmark_mean_abs_latency_ms,secondary_benchmark_mean_abs_latency_ms_iqr
arch_movement,arch_1dcnn,-2.3122,1.8242,32.2452,16.6776,-4.6243,3.6484,0.0000,0.0000,47.1668,16.1332,17.3237,17.2219,1054.00,NaN,0.3292,NaN,6.3339,NaN,0.6584,NaN,0.0000,NaN,8.6284,NaN,4.0394,NaN,155.00,NaN
arch_movement,arch_1dcnn,-0.5703,0.6541,37.1741,19.5282,-1.1405,1.3083,0.0000,0.0000,60.2708,16.2713,14.0774,16.3904,1587.89,175.6700,0.3350,NaN,14.3814,NaN,0.6699,NaN,0.0000,NaN,21.4014,NaN,7.3615,NaN,232.50,NaN
arch_movement,arch_1dcnn,-0.1121,0.1757,37.0747,22.7793,-0.2243,0.3514,0.0000,0.0000,55.1093,9.3849,19.0402,28.2720,1322.15,494.4500,0.3128,NaN,20.7025,NaN,0.6256,NaN,0.0000,NaN,29.0233,NaN,12.3817,NaN,155.00,NaN
arch_movement,arch_1dcnn,-12.2932,19.3376,35.4992,38.7315,-24.5864,38.6751,0.0000,0.0000,56.2556,62.9245,14.7427,14.5385,1260.15,370.4500,0.2962,NaN,4.9431,NaN,0.5924,NaN,0.0000,NaN,8.0245,NaN,1.8617,NaN,613.80,NaN
arch_movement,arch_1dcnn,-2.9698,4.8157,52.6405,26.3559,0.0000,0.0000,-5.9396,9.6315,56.2011,48.0425,49.0799,43.0502,1203.83,873.1675,0.3628,NaN,8.8942,NaN,0.0000,NaN,0.7256,NaN,7.9881,NaN,9.8004,NaN,418.50,NaN
arch_movement,arch_1dcnn,-0.6129,0.9229,56.9351,10.9609,0.0000,0.0000,-1.2259,1.8458,54.0065,26.2179,59.8637,27.1320,1334.15,558.0000,0.3713,NaN,19.2141,NaN,0.0000,NaN,0.7425,NaN,18.4461,NaN,19.9821,NaN,223.20,NaN
arch_movement,arch_1dcnn,-6.2595,6.8601,48.7762,17.6205,-6.2437,5.3636,-6.2754,6.5146,48.9942,20.3939,48.5581,27.2765,1317.50,294.5000,0.7104,NaN,9.7910,NaN,0.6825,NaN,0.7382,NaN,10.2633,NaN,9.3187,NaN,NaN,NaN
arch_movement,arch_1dcnn,-1.0669,0.7111,57.0714,9.8570,-0.9036,1.3149,-1.2302,1.0267,54.9292,18.4253,59.2135,16.8574,948.08,631.6250,0.6130,NaN,24.3612,NaN,0.6956,NaN,0.5305,NaN,21.7321,NaN,26.9903,NaN,82.67,NaN
arch_movement,arch_1dcnn,0.0000,0.0000,34.3368,33.9793,0.0000,0.0000,0.0000,0.0000,31.7572,37.2121,36.9164,59.4038,NaN,NaN,NaN,NaN,NaN,NaN,NaN,NaN,NaN,NaN,NaN,NaN,NaN,NaN,NaN,NaN
arch_movement,arch_lstm,-0.0227,0.0220,20.5183,0.0991,-0.0454,0.0440,0.0000,0.0000,21.8952,0.1981,19.1413,0.0000,186.00,NaN,-0.0073,NaN,17.0053,NaN,-0.0146,NaN,0.0000,NaN,14.8695,NaN,19.1412,NaN,285.20,NaN
arch_movement,arch_lstm,-0.0547,0.0364,31.8021,1.4118,-0.1094,0.0728,0.0000,0.0000,44.4629,2.8235,19.1413,0.0000,848.62,592.8750,-0.0872,NaN,29.7534,NaN,-0.1743,NaN,0.0000,NaN,40.3656,NaN,19.1412,NaN,241.11,NaN
arch_movement,arch_lstm,-0.0665,0.0229,36.5343,1.3998,-0.1330,0.0458,0.0000,0.0000,53.9273,2.7995,19.1413,0.0000,599.33,496.0000,-0.1717,NaN,37.0597,NaN,-0.3434,NaN,0.0000,NaN,54.9781,NaN,19.1413,NaN,372.00,NaN
arch_movement,arch_lstm,-3.3801,0.0859,28.4443,1.0081,-6.7603,0.1719,0.0000,0.0000,37.7473,2.0163,19.1413,0.0000,692.33,661.3325,-4.6194,NaN,29.6791,NaN,-9.2389,NaN,0.0000,NaN,40.2169,NaN,19.1412,NaN,NaN,NaN
arch_movement,arch_lstm,-0.0197,0.0194,22.7161,0.4494,0.0000,0.0000,-0.0393,0.0387,24.5852,0.0000,20.8471,0.8988,1147.00,1550.0000,-0.0054,NaN,21.6968,NaN,0.0000,NaN,-0.0108,NaN,24.5851,NaN,18.8086,NaN,289.33,NaN
arch_movement,arch_lstm,-0.0771,0.0342,34.3998,1.6398,0.0000,0.0000,-0.1543,0.0684,24.5852,0.0000,44.2144,3.2796,387.50,263.5000,-0.1565,NaN,34.8554,NaN,0.0000,NaN,-0.3130,NaN,24.5851,NaN,45.1256,NaN,124.00,NaN
arch_movement,arch_lstm,-0.0896,0.0761,21.4257,0.3292,-0.1559,0.1196,-0.0233,0.0326,22.0594,0.3185,20.7920,0.7032,232.50,232.5000,-0.0247,NaN,18.4363,NaN,-0.0391,NaN,-0.0102,NaN,18.5663,NaN,18.3063,NaN,136.40,NaN
arch_movement,arch_lstm,-0.0939,0.0729,43.0437,3.5758,-0.0562,0.0579,-0.1316,0.0880,42.2992,3.2682,43.7882,3.8834,408.17,294.5025,-0.2657,NaN,44.2981,NaN,-0.1951,NaN,-0.3363,NaN,43.0617,NaN,45.5345,NaN,248.00,NaN
arch_movement,arch_lstm,0.0000,0.0000,21.8632,0.0000,0.0000,0.0000,0.0000,0.0000,24.5852,0.0000,19.1413,0.0000,NaN,NaN,NaN,NaN,NaN,NaN,NaN,NaN,NaN,NaN,NaN,NaN,NaN,NaN,NaN,NaN
arch_movement,arch_naive_ann,-0.1683,0.2269,17.6312,3.6997,-0.3367,0.4538,0.0000,0.0000,24.2800,3.5358,10.9824,3.8636,1054.00,62.0000,0.0592,NaN,8.2821,NaN,0.1185,NaN,0.0000,NaN,13.8597,NaN,2.7046,NaN,198.40,NaN
arch_movement,arch_naive_ann,-0.3693,0.3134,35.4912,11.5585,-0.7386,0.6267,0.0000,0.0000,54.3167,8.3242,16.6657,14.7927,1147.00,496.0000,0.2950,NaN,14.4219,NaN,0.5901,NaN,0.0000,NaN,23.8485,NaN,4.9953,NaN,220.44,NaN
arch_movement,arch_naive_ann,-0.2193,0.4251,35.9349,12.4188,-0.4385,0.8503,0.0000,0.0000,59.2363,19.7506,12.6334,4.8797,1099.21,215.7075,0.3269,NaN,21.0883,NaN,0.6538,NaN,0.0000,NaN,27.9087,NaN,14.2680,NaN,93.00,NaN
arch_movement,arch_naive_ann,-1.4909,1.1298,20.5897,7.9380,-2.9817,2.2596,0.0000,0.0000,25.4171,8.0651,15.7622,8.9272,1250.34,547.6650,0.2619,NaN,7.2603,NaN,0.5238,NaN,0.0000,NaN,8.6734,NaN,5.8472,NaN,1023.00,NaN
arch_movement,arch_naive_ann,-0.2283,0.2440,17.6382,4.1634,0.0000,0.0000,-0.4565,0.4881,10.6463,4.4315,24.6301,5.6749,868.00,186.0000,0.1901,NaN,11.0642,NaN,0.0000,NaN,0.3802,NaN,7.3999,NaN,14.7285,NaN,1240.00,NaN
arch_movement,arch_naive_ann,-0.2296,0.0768,30.9656,4.1412,0.0000,0.0000,-0.4593,0.1536,12.2165,5.2646,49.7148,4.8546,1250.33,186.0025,0.2573,NaN,21.4990,NaN,0.0000,NaN,0.5146,NaN,15.5623,NaN,27.4357,NaN,496.00,NaN
arch_movement,arch_naive_ann,-0.8330,0.5793,26.7088,3.3372,-1.1918,1.7147,-0.4742,0.4079,28.5861,13.0585,24.8316,5.0673,1092.75,395.2500,0.4183,NaN,13.8847,NaN,0.4529,NaN,0.3838,NaN,13.4721,NaN,14.2972,NaN,NaN,NaN
arch_movement,arch_naive_ann,-0.5476,0.2106,50.4574,3.5522,-0.6358,0.5475,-0.4593,0.1844,51.2670,9.7723,49.6477,6.2288,981.67,728.5025,0.4287,NaN,29.7384,NaN,0.4826,NaN,0.3749,NaN,28.3345,NaN,31.1423,NaN,NaN,NaN
arch_movement,arch_naive_ann,0.0000,0.0000,16.0429,8.5807,0.0000,0.0000,0.0000,0.0000,20.7740,14.9386,11.3117,3.5082,NaN,NaN,NaN,NaN,NaN,NaN,NaN,NaN,NaN,NaN,NaN,NaN,NaN,NaN,NaN,NaN
arch_movement,arch_naive_ann2,0.0047,0.0607,15.5924,2.7900,0.0093,0.1215,0.0000,0.0000,21.2524,0.6693,9.9325,4.9107,558.00,434.0000,0.1031,NaN,8.3091,NaN,0.2062,NaN,0.0000,NaN,13.1520,NaN,3.4663,NaN,210.80,NaN
arch_movement,arch_naive_ann2,-0.3160,0.2441,34.6019,9.8045,-0.6321,0.4881,0.0000,0.0000,52.4232,7.3224,16.7807,13.5776,945.50,790.5000,0.2928,NaN,14.3320,NaN,0.5855,NaN,0.0000,NaN,23.9805,NaN,4.6835,NaN,199.78,NaN
arch_movement,arch_naive_ann2,-0.1955,0.3359,36.4252,9.8432,-0.3911,0.6718,0.0000,0.0000,58.1688,16.1198,14.6816,4.8540,589.00,434.0000,0.3207,NaN,21.4139,NaN,0.6414,NaN,0.0000,NaN,28.4043,NaN,14.4234,NaN,136.40,NaN
arch_movement,arch_naive_ann2,-1.8931,1.2799,22.9611,8.2860,-3.7862,2.5599,0.0000,0.0000,28.3765,7.1763,17.5456,9.3994,1116.00,620.0000,0.2404,NaN,6.9013,NaN,0.4809,NaN,0.0000,NaN,9.0557,NaN,4.7468,NaN,728.50,NaN
arch_movement,arch_naive_ann2,-0.1836,0.1340,17.5790,3.7267,0.0000,0.0000,-0.3671,0.2680,11.2946,7.3437,23.8635,4.1213,434.00,372.0000,0.1603,NaN,11.5194,NaN,0.0000,NaN,0.3206,NaN,7.6195,NaN,15.4194,NaN,1178.00,NaN
arch_movement,arch_naive_ann2,-0.1972,0.0769,30.7711,4.6238,0.0000,0.0000,-0.3944,0.1537,12.9414,4.5747,48.6008,4.4225,1162.50,573.5000,0.2470,NaN,20.7174,NaN,0.0000,NaN,0.4939,NaN,13.4186,NaN,28.0162,NaN,558.00,NaN
arch_movement,arch_naive_ann2,-0.4851,0.3710,24.4361,3.6230,-0.6416,0.8558,-0.3286,0.3119,25.2867,7.3667,23.5856,4.2569,1116.00,651.0000,0.3972,NaN,14.1274,NaN,0.4498,NaN,0.3446,NaN,13.5097,NaN,14.7452,NaN,NaN,NaN
arch_movement,arch_naive_ann2,-0.4023,0.2196,48.2145,2.6990,-0.4284,0.4131,-0.3762,0.2984,48.1818,7.9128,48.2471,8.1419,989.42,751.7525,0.4050,NaN,30.2989,NaN,0.4942,NaN,0.3158,NaN,28.0151,NaN,32.5826,NaN,NaN,NaN
arch_movement,arch_naive_ann2,0.0000,0.0000,16.5850,9.1649,0.0000,0.0000,0.0000,0.0000,19.6819,12.7553,13.4881,6.1194,NaN,NaN,NaN,NaN,NaN,NaN,NaN,NaN,NaN,NaN,NaN,NaN,NaN,NaN,NaN,NaN
arch_movement,arch_rcnn,-2.2683,2.1595,25.5534,13.0217,-4.5366,4.3189,0.0000,0.0000,44.7803,20.4134,6.3265,5.6300,1096.88,151.8750,0.3061,NaN,6.7306,NaN,0.6122,NaN,0.0000,NaN,9.1875,NaN,4.2736,NaN,NaN,NaN
arch_movement,arch_rcnn,-0.3833,0.6769,32.2963,17.4214,-0.7667,1.3538,0.0000,0.0000,54.2581,20.4093,10.3346,9.9501,996.00,460.5000,0.4316,NaN,10.0640,NaN,0.8633,NaN,0.0000,NaN,13.7665,NaN,6.3614,NaN,487.50,NaN
arch_movement,arch_rcnn,0.0194,0.3071,32.8210,23.4734,0.0388,0.6142,0.0000,0.0000,47.7957,17.7418,17.8463,25.9019,784.62,822.6250,0.4317,NaN,15.3583,NaN,0.8634,NaN,0.0000,NaN,17.5294,NaN,13.1873,NaN,517.50,NaN
arch_movement,arch_rcnn,-11.3809,18.7681,30.3541,30.5463,-22.7619,37.5362,0.0000,0.0000,55.3948,61.5842,5.3134,6.5749,620.62,350.6250,0.2967,NaN,7.1123,NaN,0.5934,NaN,0.0000,NaN,8.0116,NaN,6.2131,NaN,105.00,NaN
arch_movement,arch_rcnn,-0.4069,0.5295,43.1743,18.9056,0.0000,0.0000,-0.8137,1.0589,59.8149,25.9603,26.5336,11.1371,791.25,948.7500,0.4153,NaN,7.2067,NaN,0.0000,NaN,0.8307,NaN,6.7147,NaN,7.6987,NaN,360.00,NaN
arch_movement,arch_rcnn,0.0546,0.1824,47.7301,14.7672,0.0000,0.0000,0.1092,0.3648,57.3585,27.3882,38.1017,8.4455,596.50,528.7500,0.4043,NaN,15.4903,NaN,0.0000,NaN,0.8086,NaN,13.7556,NaN,17.2251,NaN,400.71,NaN
arch_movement,arch_rcnn,-3.6109,3.5675,38.7565,15.3436,-6.4054,5.5225,-0.8164,0.8466,50.5683,20.2999,26.9447,8.5809,517.50,442.5000,0.7440,NaN,9.0658,NaN,0.6539,NaN,0.8341,NaN,10.7134,NaN,7.4182,NaN,210.00,NaN
arch_movement,arch_rcnn,-0.4890,0.2552,48.8627,4.1961,-0.5832,0.8724,-0.3948,0.2684,49.3333,15.3031,48.3921,7.7758,580.50,934.5000,0.6829,NaN,22.0838,NaN,0.7402,NaN,0.6257,NaN,20.0737,NaN,24.0939,NaN,481.25,NaN
arch_movement,arch_rcnn,0.0000,0.0000,32.3684,37.2328,0.0000,0.0000,0.0000,0.0000,45.9046,38.3138,18.8322,26.9701,NaN,NaN,NaN,NaN,NaN,NaN,NaN,NaN,NaN,NaN,NaN,NaN,NaN,NaN,NaN,NaN
arch_movement,arch_rnn,-0.5473,0.5622,28.8088,4.4487,-1.0945,1.1244,0.0000,0.0000,29.5197,7.7752,28.0979,1.1222,434.00,0.0000,0.0863,NaN,16.2044,NaN,0.1726,NaN,0.0000,NaN,13.4281,NaN,18.9807,NaN,124.00,NaN
arch_movement,arch_rnn,-0.0337,0.0701,34.0549,3.5680,-0.0674,0.1401,0.0000,0.0000,43.2612,2.6679,24.8486,6.8535,784.69,559.9375,0.2426,NaN,24.0241,NaN,0.4852,NaN,0.0000,NaN,26.7265,NaN,21.3216,NaN,152.18,NaN
arch_movement,arch_rnn,0.0045,0.0507,38.1741,1.1873,0.0090,0.1014,0.0000,0.0000,50.0598,4.1362,26.2885,6.0986,459.84,191.1650,0.1595,NaN,31.3135,NaN,0.3189,NaN,0.0000,NaN,39.1462,NaN,23.4809,NaN,279.00,NaN
arch_movement,arch_rnn,-4.8049,6.2630,29.8427,20.2687,-9.6097,12.5259,0.0000,0.0000,38.6595,28.3324,21.0258,12.2050,1374.33,465.0000,-0.0914,NaN,10.1976,NaN,-0.1828,NaN,0.0000,NaN,13.6689,NaN,6.7263,NaN,124.00,NaN
arch_movement,arch_rnn,-0.1525,0.0544,31.3263,6.3777,0.0000,0.0000,-0.3050,0.1088,39.3669,12.3802,23.2858,0.3068,599.33,496.0000,0.1973,NaN,13.0284,NaN,0.0000,NaN,0.3945,NaN,11.4995,NaN,14.5574,NaN,317.75,NaN
arch_movement,arch_rnn,-0.0041,0.0065,44.6027,9.4714,0.0000,0.0000,-0.0081,0.0130,47.9378,18.2882,41.2676,2.0875,558.00,372.0000,0.0132,NaN,35.4047,NaN,0.0000,NaN,0.0263,NaN,31.9507,NaN,38.8587,NaN,217.00,NaN
arch_movement,arch_rnn,-1.5761,0.8872,31.1028,6.1152,-2.7156,1.7979,-0.4365,0.2772,37.7258,11.6505,24.4797,0.8774,565.75,441.7500,0.3581,NaN,14.5355,NaN,0.2459,NaN,0.4704,NaN,15.8162,NaN,13.2547,NaN,70.86,NaN
arch_movement,arch_rnn,-0.0665,0.1704,42.1252,4.0826,-0.1274,0.3428,-0.0056,0.0177,43.0117,7.5746,41.2386,2.0896,713.00,294.5000,0.2515,NaN,33.6571,NaN,0.4830,NaN,0.0201,NaN,28.3226,NaN,38.9916,NaN,149.83,NaN
arch_movement,arch_rnn,0.0000,0.0000,23.9874,23.1236,0.0000,0.0000,0.0000,0.0000,27.2301,33.6458,20.7448,12.6014,NaN,NaN,NaN,NaN,NaN,NaN,NaN,NaN,NaN,NaN,NaN,NaN,NaN,NaN,NaN,NaN
arch,arch_1dcnn,-2.9460,1.6042,44.1918,33.9990,-4.1660,2.0076,-1.7260,0.7712,51.8950,29.2430,36.4887,53.8849,1283.95,602.7800,0.4163,0.1066,13.5777,11.3320,0.4905,0.2288,0.3421,0.7288,15.6884,13.0066,11.4670,7.7508,268.67,170.5000
arch,arch_lstm,-0.4462,0.0879,29.4692,13.0060,-0.8515,0.1463,-0.0410,0.0542,33.5529,18.1637,25.3856,2.7578,601.73,713.0000,-0.6672,0.1749,29.0980,14.5247,-1.2507,0.2212,-0.0838,0.0864,32.6535,17.9592,25.5425,6.5793,242.29,98.5100
arch,arch_naive_ann,-0.4708,0.4960,28.5464,20.4842,-0.7241,0.9644,-0.2176,0.3917,32.3059,33.6662,24.7869,32.0620,1090.37,387.5000,0.2797,0.1093,15.9049,10.8223,0.3527,0.4515,0.2067,0.3811,17.3824,12.5911,14.4274,12.2711,545.14,687.3400
arch,arch_naive_ann2,-0.4318,0.4532,28.1612,17.1073,-0.6911,0.4350,-0.1725,0.1868,31.4095,30.1422,24.9129,27.3025,908.95,806.0000,0.2708,0.1194,15.9524,10.1746,0.3573,0.3624,0.1844,0.3266,17.1444,12.8612,14.7604,13.8376,501.91,483.3400
arch,arch_rcnn,-2.0390,0.8998,37.5459,25.6403,-3.8526,1.4741,-0.2254,0.2783,52.0963,34.3192,22.9955,32.1364,744.82,935.7500,0.4641,0.1148,11.6390,8.2082,0.5408,0.3259,0.3874,0.8141,12.4690,5.8137,10.8089,7.8724,365.99,199.3750
arch,arch_rnn,-0.8126,0.2116,34.0730,10.2504,-1.5363,0.2772,-0.0888,0.0226,40.2368,11.6531,27.9092,8.5284,681.52,589.0000,0.1521,0.1768,22.2957,17.7407,0.1904,0.3599,0.1139,0.1184,22.5698,15.6209,22.0215,13.0936,179.33,108.5000
aug_movement,aug_all,-2.6438,2.4318,25.0653,11.7356,-5.2875,4.8636,0.0000,0.0000,47.8477,21.4990,2.2828,1.9721,1376.25,NaN,0.2452,NaN,8.9332,NaN,0.4905,NaN,0.0000,NaN,10.5312,NaN,7.3352,NaN,195.00,NaN
aug_movement,aug_all,-0.4931,0.4854,34.1095,11.6472,-0.9862,0.9709,0.0000,0.0000,58.4128,12.7434,9.8061,7.6279,1201.88,673.1250,0.4161,NaN,12.5321,NaN,0.8322,NaN,0.0000,NaN,15.2498,NaN,9.8144,NaN,473.18,NaN
aug_movement,aug_all,-0.1915,0.2293,35.4118,13.5710,-0.3830,0.4587,0.0000,0.0000,57.4401,12.8403,13.3834,10.7122,1192.50,1078.5000,0.4158,NaN,16.7736,NaN,0.8315,NaN,0.0000,NaN,19.4691,NaN,14.0781,NaN,591.00,NaN
aug_movement,aug_all,-12.1117,21.7499,30.1894,33.7670,-24.2234,43.4997,0.0000,0.0000,55.6117,71.0548,4.7671,2.9333,599.06,199.6875,0.3842,NaN,6.2198,NaN,0.7684,NaN,0.0000,NaN,6.0460,NaN,6.3935,NaN,520.00,NaN
aug_movement,aug_all,-0.1881,0.1883,44.1626,15.0862,0.0000,0.0000,-0.3762,0.3765,64.3001,29.5900,24.0250,5.0818,771.56,1172.8125,0.4159,NaN,7.0382,NaN,0.0000,NaN,0.8319,NaN,6.4041,NaN,7.6723,NaN,204.00,NaN
aug_movement,aug_all,-0.0403,0.0556,52.1135,14.3324,0.0000,0.0000,-0.0805,0.1111,61.7450,26.9148,42.4820,2.4477,800.50,832.5000,0.3602,NaN,16.8514,NaN,0.0000,NaN,0.7203,NaN,12.8801,NaN,20.8228,NaN,363.75,NaN
aug_movement,aug_all,-4.6130,2.8866,41.8431,6.9451,-8.8120,6.0685,-0.4140,0.2953,59.2687,18.0778,24.4175,4.1876,1193.75,1138.7500,0.4419,NaN,12.9107,NaN,0.1082,NaN,0.7757,NaN,17.1968,NaN,8.6245,NaN,345.00,NaN
aug_movement,aug_all,-0.7531,0.3338,52.8192,4.4891,-1.1222,0.9077,-0.3841,0.2853,57.4305,15.1632,48.2078,8.0512,894.38,234.3750,0.5209,NaN,27.2569,NaN,0.5054,NaN,0.5364,NaN,27.6972,NaN,26.8165,NaN,401.25,NaN
aug_movement,aug_all,0.0000,0.0000,33.0067,16.2492,0.0000,0.0000,0.0000,0.0000,61.9917,30.0622,4.0217,2.4362,NaN,NaN,NaN,NaN,NaN,NaN,NaN,NaN,NaN,NaN,NaN,NaN,NaN,NaN,NaN,NaN
aug_movement,aug_independent,-2.1070,2.1563,34.9920,23.9884,-4.2140,4.3126,0.0000,0.0000,42.5304,21.5662,27.4535,26.4107,1070.62,9.3750,0.3484,NaN,6.2402,NaN,0.6968,NaN,0.0000,NaN,8.1245,NaN,4.3560,NaN,549.00,NaN
aug_movement,aug_independent,-0.3229,0.2304,38.5688,7.9168,-0.6458,0.4609,0.0000,0.0000,52.8498,6.4353,24.2879,11.4723,1067.35,344.5350,0.4461,NaN,9.9522,NaN,0.8923,NaN,0.0000,NaN,12.2199,NaN,7.6845,NaN,455.45,NaN
aug_movement,aug_independent,-0.0081,0.4559,38.3719,12.0714,-0.0163,0.9118,0.0000,0.0000,46.9760,23.1765,29.7677,20.6808,927.56,436.6875,0.4426,NaN,15.9317,NaN,0.8853,NaN,0.0000,NaN,16.0609,NaN,15.8025,NaN,490.00,NaN
aug_movement,aug_independent,-13.3662,21.2848,39.3047,47.5094,-26.7323,42.5697,0.0000,0.0000,60.7415,63.9733,17.8679,23.0648,1051.88,759.3750,0.3678,NaN,4.6551,NaN,0.7355,NaN,0.0000,NaN,6.4614,NaN,2.8488,NaN,352.50,NaN
aug_movement,aug_independent,-1.3292,1.2154,47.2244,12.5880,0.0000,0.0000,-2.6583,2.4309,57.0465,39.3037,37.4023,15.2125,740.00,855.0000,0.4305,NaN,6.6946,NaN,0.0000,NaN,0.8611,NaN,6.4163,NaN,6.9730,NaN,405.00,NaN
aug_movement,aug_independent,-0.0438,0.1189,43.0200,12.0917,0.0000,0.0000,-0.0876,0.2378,43.5373,30.2089,42.5027,7.4188,254.75,118.5000,0.4435,NaN,13.4257,NaN,0.0000,NaN,0.8871,NaN,13.6228,NaN,13.2285,NaN,365.45,NaN
aug_movement,aug_independent,-3.6828,3.8746,39.3136,15.3698,-3.1514,3.2038,-4.2141,3.9032,33.9740,14.0766,44.6531,15.0317,755.25,861.3750,0.8450,NaN,7.1682,NaN,0.8419,NaN,0.8482,NaN,7.2412,NaN,7.0952,NaN,420.00,NaN
aug_movement,aug_independent,-0.6459,0.4616,51.1964,6.9832,-0.5306,0.8764,-0.7612,0.3746,48.1401,14.1935,54.2526,2.3275,1017.00,511.5000,0.7208,NaN,20.5962,NaN,0.8001,NaN,0.6414,NaN,17.6079,NaN,23.5846,NaN,441.25,NaN
aug_movement,aug_independent,0.0000,0.0000,45.2593,36.1282,0.0000,0.0000,0.0000,0.0000,37.9428,51.2551,52.5759,18.3867,NaN,NaN,NaN,NaN,NaN,NaN,NaN,NaN,NaN,NaN,NaN,NaN,NaN,NaN,NaN,NaN
aug_movement,aug_mixup_only,-1.6543,1.4215,21.7138,7.7097,-3.3085,2.8430,0.0000,0.0000,41.1326,14.4019,2.2950,1.0174,1318.12,144.3750,0.3190,NaN,9.1940,NaN,0.6379,NaN,0.0000,NaN,8.8777,NaN,9.5103,NaN,606.00,NaN
aug_movement,aug_mixup_only,-0.2734,0.3331,28.9064,7.2111,-0.5468,0.6663,0.0000,0.0000,51.5708,9.8100,6.2420,4.6122,1021.50,322.5000,0.4120,NaN,13.6609,NaN,0.8240,NaN,0.0000,NaN,15.6192,NaN,11.7026,NaN,572.14,NaN
aug_movement,aug_mixup_only,-0.0830,0.1486,32.2509,7.1955,-0.1660,0.2972,0.0000,0.0000,53.8443,3.9315,10.6575,8.5354,894.00,669.0000,0.3848,NaN,18.4903,NaN,0.7696,NaN,0.0000,NaN,22.7633,NaN,14.2173,NaN,583.64,NaN
aug_movement,aug_mixup_only,-10.7317,13.4934,31.0108,19.4037,-21.4633,26.9868,0.0000,0.0000,58.7263,37.5638,3.2954,1.2818,795.00,990.0000,0.3669,NaN,8.5703,NaN,0.7338,NaN,0.0000,NaN,6.4815,NaN,10.6592,NaN,202.50,NaN
aug_movement,aug_mixup_only,-0.1913,0.2162,44.5561,7.6658,0.0000,0.0000,-0.3826,0.4325,65.0521,14.9095,24.0600,6.0293,487.50,408.7500,0.3591,NaN,9.1994,NaN,0.0000,NaN,0.7182,NaN,8.4665,NaN,9.9323,NaN,172.50,NaN
aug_movement,aug_mixup_only,-0.2080,0.1541,57.3371,3.7225,0.0000,0.0000,-0.4161,0.3082,65.8369,10.0417,48.8372,9.1508,351.00,219.0000,0.3481,NaN,18.6693,NaN,0.0000,NaN,0.6962,NaN,15.6380,NaN,21.7005,NaN,150.00,NaN
aug_movement,aug_mixup_only,-3.7265,1.5891,39.8256,5.4410,-7.0111,3.3716,-0.4418,0.1934,54.9716,10.3540,24.6797,3.0565,1238.62,460.1250,0.5864,NaN,11.2494,NaN,0.3653,NaN,0.8074,NaN,14.5077,NaN,7.9911,NaN,308.57,NaN
aug_movement,aug_mixup_only,-0.6640,0.1991,52.2152,4.3205,-0.7893,0.5595,-0.5386,0.2066,53.4368,7.0439,50.9936,6.1576,975.38,520.1250,0.4944,NaN,27.9871,NaN,0.5286,NaN,0.4602,NaN,27.0397,NaN,28.9346,NaN,448.75,NaN
aug_movement,aug_mixup_only,0.0000,0.0000,33.1183,8.4805,0.0000,0.0000,0.0000,0.0000,63.1472,15.6411,3.0894,1.3200,NaN,NaN,NaN,NaN,NaN,NaN,NaN,NaN,NaN,NaN,NaN,NaN,NaN,NaN,NaN,NaN
aug_movement,aug_mw_only,-1.1216,1.1389,21.2169,9.7158,-2.2433,2.2778,0.0000,0.0000,35.2460,13.5492,7.1878,5.8825,NaN,NaN,0.2235,NaN,7.0370,NaN,0.4471,NaN,0.0000,NaN,10.9703,NaN,3.1036,NaN,570.00,NaN
aug_movement,aug_mw_only,-0.2225,0.2994,29.3851,10.3704,-0.4450,0.5988,0.0000,0.0000,50.0325,8.9559,8.7377,10.3680,1432.50,452.5000,0.4365,NaN,8.5030,NaN,0.8731,NaN,0.0000,NaN,13.2644,NaN,3.7417,NaN,492.27,NaN
aug_movement,aug_mw_only,0.0345,0.1138,30.3689,12.4109,0.0691,0.2276,0.0000,0.0000,48.3651,7.3188,12.3728,17.5031,952.25,479.2500,0.4274,NaN,12.6746,NaN,0.8547,NaN,0.0000,NaN,18.0809,NaN,7.2683,NaN,503.75,NaN
aug_movement,aug_mw_only,-10.2672,15.7229,29.7331,26.0492,-20.5344,31.4458,0.0000,0.0000,54.1916,51.4032,5.2745,6.2528,796.88,1033.1250,0.3704,NaN,6.5292,NaN,0.7407,NaN,0.0000,NaN,6.3973,NaN,6.6611,NaN,225.00,NaN
aug_movement,aug_mw_only,-0.4059,0.3512,42.2670,14.1123,0.0000,0.0000,-0.8117,0.7023,57.5324,18.4475,27.0016,7.9925,741.67,665.0000,0.4274,NaN,5.9089,NaN,0.0000,NaN,0.8547,NaN,4.6859,NaN,7.1320,NaN,225.00,NaN
aug_movement,aug_mw_only,-0.1430,0.1305,51.8956,7.9615,0.0000,0.0000,-0.2859,0.2609,57.3601,17.7613,46.4311,4.9485,261.50,257.2500,0.3078,NaN,22.6084,NaN,0.0000,NaN,0.6156,NaN,20.8053,NaN,24.4116,NaN,120.00,NaN
aug_movement,aug_mw_only,-2.4795,1.7405,34.5993,7.9561,-4.3826,2.6793,-0.5763,0.3546,43.6510,11.5202,25.5475,5.1391,431.67,272.5000,0.7733,NaN,8.6637,NaN,0.7552,NaN,0.7914,NaN,9.0094,NaN,8.3180,NaN,229.29,NaN
aug_movement,aug_mw_only,-0.4405,0.2476,48.4513,4.5948,-0.3410,0.7509,-0.5399,0.2987,45.9665,13.6882,50.9361,8.1007,928.50,471.0000,0.4829,NaN,26.1290,NaN,0.8509,NaN,0.1149,NaN,15.2073,NaN,37.0508,NaN,502.50,NaN
aug_movement,aug_mw_only,0.0000,0.0000,28.1699,13.6673,0.0000,0.0000,0.0000,0.0000,37.2289,9.7512,19.1109,18.0107,NaN,NaN,NaN,NaN,NaN,NaN,NaN,NaN,NaN,NaN,NaN,NaN,NaN,NaN,NaN,NaN
aug_movement,aug_noise_only,-1.1395,1.1887,20.4307,8.7778,-2.2790,2.3773,0.0000,0.0000,35.1780,14.2110,5.6834,3.3446,1500.00,NaN,0.1271,NaN,9.2859,NaN,0.2542,NaN,0.0000,NaN,12.7414,NaN,5.8304,NaN,543.00,NaN
aug_movement,aug_noise_only,-0.0992,0.2258,28.8302,9.6920,-0.1985,0.4516,0.0000,0.0000,45.7242,7.1641,11.9362,11.8878,924.17,947.5025,0.4093,NaN,10.9656,NaN,0.8186,NaN,0.0000,NaN,15.8556,NaN,6.0756,NaN,505.91,NaN
aug_movement,aug_noise_only,0.0852,0.1980,30.2291,8.3047,0.1704,0.3961,0.0000,0.0000,45.3216,9.0832,15.1366,19.5059,766.50,857.0000,0.3816,NaN,16.1923,NaN,0.7633,NaN,0.0000,NaN,23.0746,NaN,9.3100,NaN,575.00,NaN
aug_movement,aug_noise_only,-9.2116,15.6035,28.3546,27.3569,-18.4231,31.2070,0.0000,0.0000,51.7559,52.1724,4.9533,2.2836,295.00,360.0000,0.3115,NaN,9.3467,NaN,0.6229,NaN,0.0000,NaN,7.7145,NaN,10.9789,NaN,160.00,NaN
aug_movement,aug_noise_only,-0.2560,0.3168,38.8400,8.8949,0.0000,0.0000,-0.5119,0.6336,53.0585,28.7804,24.6214,8.2850,248.50,118.5000,0.2238,NaN,10.8294,NaN,0.0000,NaN,0.4475,NaN,7.7513,NaN,13.9075,NaN,195.00,NaN
aug_movement,aug_noise_only,0.0548,0.0900,47.0662,8.7333,0.0000,0.0000,0.1096,0.1799,56.0184,15.5400,38.1140,1.8213,332.25,471.7500,0.3522,NaN,21.1392,NaN,0.0000,NaN,0.7044,NaN,20.8700,NaN,21.4083,NaN,333.00,NaN
aug_movement,aug_noise_only,-3.0807,2.5636,37.3899,9.9949,-5.4689,4.3853,-0.6925,0.3767,48.2631,15.9589,26.5166,1.9791,1076.00,494.5000,0.6812,NaN,10.2188,NaN,0.6110,NaN,0.7514,NaN,11.3581,NaN,9.0795,NaN,353.57,NaN
aug_movement,aug_noise_only,-0.5102,0.3217,49.5958,5.5967,-0.5349,0.5884,-0.4855,0.1887,49.1336,11.4985,50.0581,6.7893,1386.00,410.2500,0.4636,NaN,26.9412,NaN,0.8216,NaN,0.1055,NaN,16.6356,NaN,37.2467,NaN,573.75,NaN
aug_movement,aug_noise_only,0.0000,0.0000,35.7105,19.7203,0.0000,0.0000,0.0000,0.0000,49.1439,18.8598,22.2772,20.5808,NaN,NaN,NaN,NaN,NaN,NaN,NaN,NaN,NaN,NaN,NaN,NaN,NaN,NaN,NaN,NaN
aug_movement,aug_none,-2.4621,2.1499,33.7216,15.1691,-4.9242,4.2999,0.0000,0.0000,47.2715,19.1301,20.1717,11.2081,667.50,232.5000,-0.4450,NaN,16.7226,NaN,-0.8900,NaN,0.0000,NaN,20.2829,NaN,13.1622,NaN,696.00,NaN
aug_movement,aug_none,-0.2978,0.1797,36.8270,8.0999,-0.5956,0.3594,0.0000,0.0000,51.7717,6.9233,21.8822,10.9365,317.00,175.5000,0.4099,NaN,13.1731,NaN,0.8199,NaN,0.0000,NaN,15.7990,NaN,10.5473,NaN,598.64,NaN
aug_movement,aug_none,0.0048,0.2323,36.3220,10.7651,0.0095,0.4645,0.0000,0.0000,48.0823,10.0632,24.5617,16.7721,532.75,481.7500,0.3913,NaN,17.9781,NaN,0.7827,NaN,0.0000,NaN,22.1072,NaN,13.8490,NaN,646.25,NaN
aug_movement,aug_none,-14.0975,21.5786,39.6488,28.5243,-28.1951,43.1572,0.0000,0.0000,64.6978,55.8234,14.5998,8.9710,1093.12,946.8750,0.3459,NaN,8.8149,NaN,0.6919,NaN,0.0000,NaN,6.9732,NaN,10.6566,NaN,105.00,NaN
aug_movement,aug_none,-0.5215,0.6331,45.2061,11.9372,0.0000,0.0000,-1.0430,1.2662,62.7731,37.8445,27.6391,6.4264,1180.94,553.4375,0.2732,NaN,10.6402,NaN,0.0000,NaN,0.5463,NaN,8.6783,NaN,12.6022,NaN,172.50,NaN
aug_movement,aug_none,0.0414,0.1545,52.2673,7.1460,0.0000,0.0000,0.0828,0.3091,65.8024,16.1572,38.7323,4.0652,286.50,NaN,0.3577,NaN,21.0344,NaN,0.0000,NaN,0.7154,NaN,21.0627,NaN,21.0061,NaN,498.00,NaN
aug_movement,aug_none,-4.4762,2.0917,43.6555,6.2679,-7.8093,3.9829,-1.1432,0.4229,57.6684,12.3555,29.6425,2.1702,1276.50,1311.7500,0.7289,NaN,9.4543,NaN,0.6887,NaN,0.7692,NaN,10.1608,NaN,8.7477,NaN,366.43,NaN
aug_movement,aug_none,-0.6896,0.3485,52.0459,4.9468,-0.9211,0.7944,-0.4581,0.2122,54.7205,13.0454,49.3712,3.9199,749.50,577.5000,0.5397,NaN,25.3770,NaN,0.8134,NaN,0.2661,NaN,17.0144,NaN,33.7396,NaN,580.00,NaN
aug_movement,aug_none,0.0000,0.0000,49.1739,9.3817,0.0000,0.0000,0.0000,0.0000,56.7641,11.3605,41.5838,11.7762,NaN,NaN,NaN,NaN,NaN,NaN,NaN,NaN,NaN,NaN,NaN,NaN,NaN,NaN,NaN,NaN
aug,aug_all,-2.3191,0.8115,39.5516,21.6630,-4.4907,1.6124,-0.1476,0.2567,58.8382,35.8850,20.2650,31.4399,971.08,1052.6250,0.4000,0.0444,13.5645,8.3336,0.4420,0.7030,0.3580,0.7342,14.4343,8.2654,12.6947,8.1762,386.65,175.1350
aug,aug_independent,-2.4062,1.1195,42.3241,29.6505,-3.9039,1.0200,-0.9084,0.6887,47.3498,39.8686,37.2984,29.1279,850.22,975.0000,0.5056,0.1000,10.5830,7.4711,0.6065,0.3302,0.4047,0.8514,10.9694,7.1861,10.1966,7.5533,434.83,68.9750
aug,aug_mixup_only,-1.9653,0.6129,38.8326,19.3255,-3.7213,1.2856,-0.2093,0.4227,57.3120,24.1883,20.3532,29.3691,885.89,916.5000,0.4088,0.0762,14.6276,9.3370,0.4824,0.4688,0.3353,0.7017,14.9242,8.6444,14.3310,6.2613,380.51,380.0150
aug,aug_mw_only,-1.7041,0.9172,35.9387,21.0295,-3.1477,0.9974,-0.2605,0.4724,48.4648,23.3427,23.4125,26.7342,825.69,1021.8750,0.4311,0.0934,12.2567,8.2480,0.5652,0.5165,0.2971,0.6596,12.3026,7.5693,12.2109,6.4101,358.48,277.8125
aug,aug_noise_only,-1.5985,0.7336,36.0273,21.1763,-3.0111,0.8055,-0.1859,0.3064,48.9421,20.5517,23.1124,29.8462,780.38,952.0850,0.3688,0.1333,14.3649,7.4282,0.4864,0.5865,0.2511,0.5117,14.5001,7.2378,14.2296,7.4542,404.90,252.1875
aug,aug_none,-2.5021,0.9794,43.7656,18.7306,-4.7028,1.3834,-0.3014,0.2313,57.1666,23.3492,30.3645,23.4320,846.17,1282.5000,0.3252,0.1146,15.3993,8.3984,0.3633,0.7904,0.2871,0.5886,15.2598,10.6877,15.5388,5.0090,457.85,292.5950
filter_movement,filter_bandpass_only,-1.7982,1.6714,22.2243,9.4476,-3.5963,3.3428,0.0000,0.0000,41.6178,16.8956,2.8308,1.9996,1275.00,NaN,0.1776,NaN,9.1433,NaN,0.3552,NaN,0.0000,NaN,11.8467,NaN,6.4399,NaN,NaN,NaN
filter_movement,filter_bandpass_only,-0.4256,0.4806,32.3493,9.4968,-0.8512,0.9611,0.0000,0.0000,56.6750,12.0018,8.0237,5.3953,1375.00,187.5000,0.2925,NaN,16.6570,NaN,0.5850,NaN,0.0000,NaN,23.9837,NaN,9.3304,NaN,381.43,NaN
filter_movement,filter_bandpass_only,-0.1262,0.2376,34.8610,14.7273,-0.2525,0.4753,0.0000,0.0000,56.0738,12.2731,13.6482,15.9347,1279.69,809.0625,0.3894,NaN,18.2218,NaN,0.7788,NaN,0.0000,NaN,22.3068,NaN,14.1369,NaN,397.50,NaN
filter_movement,filter_bandpass_only,-10.6382,18.1322,29.5504,30.2717,-21.2763,36.2643,0.0000,0.0000,54.1174,59.8685,4.9834,3.0047,806.25,596.2500,0.2278,NaN,8.9200,NaN,0.4555,NaN,0.0000,NaN,9.2705,NaN,8.5695,NaN,0.00,NaN
filter_movement,filter_bandpass_only,-0.3243,0.3040,41.1952,13.5854,0.0000,0.0000,-0.6487,0.6081,56.2727,19.1622,26.1176,6.3060,296.67,285.0000,0.3131,NaN,9.9867,NaN,0.0000,NaN,0.6263,NaN,8.5347,NaN,11.4386,NaN,240.00,NaN
filter_movement,filter_bandpass_only,-0.0161,0.2050,48.0757,14.5621,0.0000,0.0000,-0.0323,0.4101,54.7803,26.5631,41.3711,5.4308,361.50,316.5000,0.3459,NaN,19.2038,NaN,0.0000,NaN,0.6919,NaN,16.5514,NaN,21.8562,NaN,82.50,NaN
filter_movement,filter_bandpass_only,-3.6050,3.9821,37.7047,12.9154,-6.9725,7.9976,-0.2375,0.3805,52.6611,27.6540,22.7483,3.0361,703.33,842.5000,0.2902,NaN,14.9082,NaN,-0.0357,NaN,0.6161,NaN,18.5329,NaN,11.2835,NaN,NaN,NaN
filter_movement,filter_bandpass_only,-0.6442,0.4200,51.7486,4.1484,-0.9113,0.9344,-0.3771,0.3068,55.4699,14.9752,48.0274,8.4881,732.94,892.3125,0.4246,NaN,29.8724,NaN,0.4263,NaN,0.4230,NaN,29.8295,NaN,29.9153,NaN,323.75,NaN
filter_movement,filter_bandpass_only,0.0000,0.0000,31.9843,22.2586,0.0000,0.0000,0.0000,0.0000,53.7639,35.3977,10.2047,9.1195,NaN,NaN,NaN,NaN,NaN,NaN,NaN,NaN,NaN,NaN,NaN,NaN,NaN,NaN,NaN,NaN
filter_movement,filter_base,-2.2140,1.9061,37.5881,23.4798,-4.4280,3.8123,0.0000,0.0000,45.5965,17.5292,29.5798,29.4304,645.00,NaN,0.3553,NaN,6.9276,NaN,0.7106,NaN,0.0000,NaN,7.9369,NaN,5.9184,NaN,NaN,NaN
filter_movement,filter_base,-0.2830,0.3892,38.0014,14.3254,-0.5659,0.7784,0.0000,0.0000,51.6162,11.7269,24.3865,12.3399,1226.88,1078.1250,0.3858,NaN,13.1331,NaN,0.7716,NaN,0.0000,NaN,17.7928,NaN,8.4733,NaN,435.00,NaN
filter_movement,filter_base,-0.0288,0.3236,36.9784,11.1278,-0.0577,0.6473,0.0000,0.0000,50.6207,12.2618,23.3361,25.0699,835.12,611.6250,0.4113,NaN,17.3620,NaN,0.8225,NaN,0.0000,NaN,19.9799,NaN,14.7442,NaN,513.75,NaN
filter_movement,filter_base,-10.2240,12.1958,36.6237,25.6714,-20.4480,24.3915,0.0000,0.0000,57.3197,34.9810,15.9278,11.8084,953.44,1139.0625,0.3130,NaN,8.0320,NaN,0.6259,NaN,0.0000,NaN,7.6841,NaN,8.3799,NaN,45.00,NaN
filter_movement,filter_base,-1.2719,1.5509,46.8675,10.2075,0.0000,0.0000,-2.5438,3.1018,56.9280,26.7350,36.8069,18.2041,275.00,285.0000,0.3997,NaN,8.9770,NaN,0.0000,NaN,0.7993,NaN,9.5722,NaN,8.3818,NaN,142.50,NaN
filter_movement,filter_base,-0.0176,0.1331,42.0931,10.2972,0.0000,0.0000,-0.0353,0.2662,42.6544,14.2550,41.5317,4.0650,455.75,160.7500,0.3947,NaN,19.6215,NaN,0.0000,NaN,0.7893,NaN,21.1685,NaN,18.0744,NaN,295.00,NaN
filter_movement,filter_base,-1.5135,1.2723,30.4427,8.3967,-2.2582,1.9750,-0.7688,0.5670,33.8482,11.4272,27.0372,5.3663,855.00,870.0000,0.5565,NaN,11.5783,NaN,0.3045,NaN,0.8085,NaN,15.1873,NaN,7.9692,NaN,NaN,NaN
filter_movement,filter_base,-0.3878,0.4588,47.5363,5.0380,-0.4092,0.7104,-0.3664,0.2605,47.5375,11.0716,47.5350,8.0646,793.75,558.7500,0.5854,NaN,25.3154,NaN,0.6340,NaN,0.5368,NaN,23.8269,NaN,26.8039,NaN,373.75,NaN
filter_movement,filter_base,0.0000,0.0000,37.7986,32.3526,0.0000,0.0000,0.0000,0.0000,44.1365,32.3996,31.4607,22.6830,NaN,NaN,NaN,NaN,NaN,NaN,NaN,NaN,NaN,NaN,NaN,NaN,NaN,NaN,NaN,NaN
filter_movement,filter_naive_minmax,-0.1816,0.0198,18.0416,4.5844,-0.3631,0.0397,0.0000,0.0000,25.0219,1.1307,11.0613,8.0380,675.00,435.0000,0.0657,NaN,13.3031,NaN,0.1314,NaN,0.0000,NaN,13.7501,NaN,12.8561,NaN,504.00,NaN
filter_movement,filter_naive_minmax,-0.2312,0.0590,29.2121,3.1513,-0.4625,0.1181,0.0000,0.0000,51.0075,2.2271,7.4167,4.6842,400.93,246.2175,0.1353,NaN,21.3626,NaN,0.2705,NaN,0.0000,NaN,31.7974,NaN,10.9279,NaN,255.00,NaN
filter_movement,filter_naive_minmax,-0.2043,0.0696,34.2680,4.1786,-0.4087,0.1392,0.0000,0.0000,60.0178,3.7952,8.5182,6.7868,328.42,229.2525,0.0023,NaN,32.8833,NaN,0.0046,NaN,0.0000,NaN,47.3165,NaN,18.4501,NaN,397.50,NaN
filter_movement,filter_naive_minmax,-0.9586,0.7084,14.2654,4.0928,-1.9172,1.4167,0.0000,0.0000,22.9618,5.4691,5.5690,3.0820,474.17,68.7500,-1.4239,NaN,15.5473,NaN,-2.8478,NaN,0.0000,NaN,24.6441,NaN,6.4505,NaN,NaN,NaN
filter_movement,filter_naive_minmax,-0.1856,0.1993,15.0347,0.6506,0.0000,0.0000,-0.3711,0.3985,6.1573,5.7076,23.9121,3.4351,884.38,339.3750,-0.2809,NaN,21.0701,NaN,0.0000,NaN,-0.5619,NaN,18.7564,NaN,23.3839,NaN,0.00,NaN
filter_movement,filter_naive_minmax,-0.2016,0.1384,27.7731,1.1948,0.0000,0.0000,-0.4032,0.2768,7.0508,6.5196,48.4954,5.5222,771.25,501.2500,-0.4054,NaN,37.5008,NaN,0.0000,NaN,-0.8108,NaN,22.0188,NaN,52.9828,NaN,387.00,NaN
filter_movement,filter_naive_minmax,-0.2672,0.0995,23.0518,1.5388,-0.3278,0.1123,-0.2067,0.1469,23.6597,3.0307,22.4438,1.6587,355.00,20.0000,0.0278,NaN,17.9548,NaN,0.0392,NaN,0.0165,NaN,17.8501,NaN,18.0595,NaN,502.50,NaN
filter_movement,filter_naive_minmax,-0.3595,0.1300,47.8052,4.5880,-0.4036,0.1370,-0.3155,0.2187,48.6740,5.9541,46.9363,2.3276,692.08,910.0000,-0.1512,NaN,42.2558,NaN,-0.1441,NaN,-0.1584,NaN,42.1244,NaN,42.3872,NaN,453.00,NaN
filter_movement,filter_naive_minmax,0.0000,0.0000,6.2187,3.5771,0.0000,0.0000,0.0000,0.0000,5.4657,3.7744,6.9718,5.3601,NaN,NaN,NaN,NaN,NaN,NaN,NaN,NaN,NaN,NaN,NaN,NaN,NaN,NaN,NaN,NaN
filter_movement,filter_no_filtering,-0.3394,0.1002,15.0884,2.3605,-0.6788,0.2004,0.0000,0.0000,27.7602,2.5092,2.4166,2.2119,NaN,NaN,-0.4684,NaN,10.7404,NaN,-0.9369,NaN,0.0000,NaN,20.5331,NaN,0.9477,NaN,NaN,NaN
filter_movement,filter_no_filtering,-0.1981,0.1089,25.7754,3.7224,-0.3962,0.2178,0.0000,0.0000,49.8279,5.5277,1.7228,1.9171,832.50,112.5000,-0.3639,NaN,24.9374,NaN,-0.7279,NaN,0.0000,NaN,48.9387,NaN,0.9361,NaN,NaN,NaN
filter_movement,filter_no_filtering,-0.2144,0.0108,30.9345,1.3310,-0.4288,0.0217,0.0000,0.0000,60.4468,1.7784,1.4221,1.3497,1587.75,332.2500,-0.3825,NaN,31.8666,NaN,-0.7650,NaN,0.0000,NaN,63.0073,NaN,0.7259,NaN,NaN,NaN
filter_movement,filter_no_filtering,-2.4588,2.3566,15.8485,6.9160,-4.9176,4.7133,0.0000,0.0000,30.4157,14.6355,1.2812,1.1528,1151.25,558.7500,-1.5817,NaN,13.2623,NaN,-3.1635,NaN,0.0000,NaN,25.6355,NaN,0.8891,NaN,NaN,NaN
filter_movement,filter_no_filtering,-0.3266,0.1413,22.2054,6.5166,0.0000,0.0000,-0.6532,0.2826,18.0848,12.4366,26.3259,1.9702,787.50,772.5000,-0.5909,NaN,20.1509,NaN,0.0000,NaN,-1.1819,NaN,12.6641,NaN,27.6377,NaN,390.00,NaN
filter_movement,filter_no_filtering,-0.3412,0.0522,34.3340,2.6383,0.0000,0.0000,-0.6824,0.1045,15.3484,9.7068,53.3196,4.2960,992.50,495.0000,-0.5315,NaN,38.5756,NaN,0.0000,NaN,-1.0630,NaN,20.5995,NaN,56.5517,NaN,200.00,NaN
filter_movement,filter_no_filtering,-0.5314,0.0716,25.3307,0.7090,-0.4792,0.2192,-0.5837,0.0845,24.8154,2.5120,25.8460,2.6696,1108.75,453.7500,-0.8219,NaN,24.4152,NaN,-0.4030,NaN,-1.2409,NaN,21.5701,NaN,27.2603,NaN,NaN,NaN
filter_movement,filter_no_filtering,-0.5110,0.1057,50.4377,2.2044,-0.3809,0.1649,-0.6411,0.1847,48.2210,5.1940,52.6545,5.7593,1752.50,72.5000,-0.8667,NaN,53.6803,NaN,-0.6100,NaN,-1.1235,NaN,49.9706,NaN,57.3900,NaN,1500.00,NaN
filter_movement,filter_no_filtering,0.0000,0.0000,8.4028,11.0546,0.0000,0.0000,0.0000,0.0000,15.5392,24.5789,1.2664,1.1638,NaN,NaN,NaN,NaN,NaN,NaN,NaN,NaN,NaN,NaN,NaN,NaN,NaN,NaN,NaN,NaN
filter_movement,filter_no_rectification,-2.4918,2.0702,26.1876,10.9539,-4.9836,4.1404,0.0000,0.0000,48.0270,18.0487,4.3483,3.8591,1076.25,288.7500,0.1689,NaN,7.8504,NaN,0.3377,NaN,0.0000,NaN,12.0072,NaN,3.6936,NaN,423.00,NaN
filter_movement,filter_no_rectification,-0.4146,0.3015,33.8185,7.2711,-0.8293,0.6030,0.0000,0.0000,56.4612,7.5624,11.1757,8.5592,1298.00,243.0000,0.3981,NaN,11.6039,NaN,0.7961,NaN,0.0000,NaN,16.8129,NaN,6.3949,NaN,525.00,NaN
filter_movement,filter_no_rectification,-0.1525,0.2214,34.6959,7.4639,-0.3049,0.4428,0.0000,0.0000,55.9387,8.8247,13.4531,10.5664,1246.50,1038.0000,0.3975,NaN,16.6893,NaN,0.7949,NaN,0.0000,NaN,21.4777,NaN,11.9008,NaN,533.18,NaN
filter_movement,filter_no_rectification,-12.3594,24.2134,29.7778,36.4735,-24.7188,48.4268,0.0000,0.0000,54.3886,79.8326,5.1670,3.3230,838.50,402.0000,0.3743,NaN,8.8616,NaN,0.7486,NaN,0.0000,NaN,6.2990,NaN,11.4242,NaN,NaN,NaN
filter_movement,filter_no_rectification,-0.2712,0.1274,41.8510,15.3226,0.0000,0.0000,-0.5423,0.2547,58.2377,34.4406,25.4643,2.6430,951.70,343.6575,0.3299,NaN,10.4272,NaN,0.0000,NaN,0.6598,NaN,9.9419,NaN,10.9125,NaN,160.00,NaN
filter_movement,filter_no_rectification,-0.0633,0.1088,53.3049,11.6913,0.0000,0.0000,-0.1266,0.2176,63.2494,21.9883,43.3604,2.5667,631.50,562.5000,0.3403,NaN,21.5160,NaN,0.0000,NaN,0.6806,NaN,20.7808,NaN,22.2513,NaN,157.50,NaN
filter_movement,filter_no_rectification,-3.8941,1.9586,39.9232,7.6189,-7.3643,3.9522,-0.4239,0.1404,55.3330,15.7729,24.5134,2.5137,817.81,735.9375,0.6702,NaN,10.1637,NaN,0.5191,NaN,0.8213,NaN,12.6284,NaN,7.6989,NaN,415.00,NaN
filter_movement,filter_no_rectification,-0.7354,0.4349,52.8966,5.7588,-0.9427,0.7051,-0.5280,0.2326,54.9901,11.4363,50.8031,6.9749,629.38,703.1250,0.4836,NaN,27.5654,NaN,0.7115,NaN,0.2556,NaN,21.1523,NaN,33.9786,NaN,530.00,NaN
filter_movement,filter_no_rectification,0.0000,0.0000,32.4775,16.2073,0.0000,0.0000,0.0000,0.0000,53.5418,24.8397,11.4132,7.3119,NaN,NaN,NaN,NaN,NaN,NaN,NaN,NaN,NaN,NaN,NaN,NaN,NaN,NaN,NaN,NaN
filter_movement,filter_notch_only,-0.3541,0.2894,15.9376,3.0197,-0.7082,0.5789,0.0000,0.0000,27.4354,3.9704,4.4397,2.0689,1005.00,NaN,0.0266,NaN,8.3378,NaN,0.0532,NaN,0.0000,NaN,14.3557,NaN,2.3200,NaN,NaN,NaN
filter_movement,filter_notch_only,-0.0934,0.1157,25.6447,2.9482,-0.1868,0.2313,0.0000,0.0000,45.8992,4.4667,5.3902,4.0347,1245.00,412.5000,-0.0647,NaN,20.9445,NaN,-0.1294,NaN,0.0000,NaN,39.5657,NaN,2.3234,NaN,NaN,NaN
filter_movement,filter_notch_only,-0.0911,0.0507,29.5000,2.4709,-0.1823,0.1013,0.0000,0.0000,54.9316,7.0512,4.0683,1.0180,1161.38,517.8750,-0.0741,NaN,26.5302,NaN,-0.1481,NaN,0.0000,NaN,50.8168,NaN,2.2437,NaN,195.00,NaN
filter_movement,filter_notch_only,-3.7697,2.7426,21.3712,4.8980,-7.5395,5.4852,0.0000,0.0000,38.2086,13.5267,4.5338,2.5400,307.50,97.5000,-1.3697,NaN,15.7348,NaN,-2.7393,NaN,0.0000,NaN,24.2945,NaN,7.1751,NaN,345.00,NaN
filter_movement,filter_notch_only,-0.1261,0.1351,25.2226,2.2252,0.0000,0.0000,-0.2523,0.2701,27.5084,6.7265,22.9368,3.9012,1308.75,671.2500,-0.2135,NaN,14.7649,NaN,0.0000,NaN,-0.4271,NaN,7.1777,NaN,22.3521,NaN,877.50,NaN
filter_movement,filter_notch_only,-0.2086,0.0770,35.8876,1.2913,0.0000,0.0000,-0.4173,0.1540,22.8424,6.3067,48.9328,4.4794,780.00,NaN,-0.2994,NaN,31.7071,NaN,0.0000,NaN,-0.5987,NaN,13.6308,NaN,49.7834,NaN,70.91,NaN
filter_movement,filter_notch_only,-0.3732,0.0690,23.9566,0.9998,-0.2863,0.2076,-0.4600,0.0863,23.0785,1.1279,24.8346,2.0878,1160.62,875.6250,-0.6604,NaN,23.4000,NaN,-0.4130,NaN,-0.9079,NaN,21.6464,NaN,25.1535,NaN,555.00,NaN
filter_movement,filter_notch_only,-0.3237,0.1557,47.1505,5.1202,-0.1166,0.0886,-0.5307,0.2053,43.4393,3.9453,50.8617,6.2951,796.88,238.1250,-0.6675,NaN,50.6860,NaN,-0.3952,NaN,-0.9399,NaN,46.5189,NaN,54.8531,NaN,168.75,NaN
filter_movement,filter_notch_only,0.0000,0.0000,15.8936,9.7327,0.0000,0.0000,0.0000,0.0000,27.3895,16.3206,4.3977,3.1448,NaN,NaN,NaN,NaN,NaN,NaN,NaN,NaN,NaN,NaN,NaN,NaN,NaN,NaN,NaN,NaN
filter_movement,filter_wavelet,-4.6022,2.9088,34.7242,10.0433,-9.2044,5.8175,0.0000,0.0000,64.6859,18.4375,4.7625,1.6490,687.50,432.5000,0.3179,NaN,7.0259,NaN,0.6357,NaN,0.0000,NaN,8.9053,NaN,5.1466,NaN,600.00,NaN
filter_movement,filter_wavelet,-0.5910,0.8128,34.3196,8.8795,-1.1820,1.6256,0.0000,0.0000,60.6876,23.0733,7.9516,3.6421,1153.33,565.0000,0.4302,NaN,11.5628,NaN,0.8604,NaN,0.0000,NaN,13.9099,NaN,9.2156,NaN,585.00,NaN
filter_movement,filter_wavelet,-0.3377,0.7449,36.4240,10.6333,-0.6754,1.4899,0.0000,0.0000,62.7773,26.5402,10.0707,6.5863,1282.88,820.8750,0.4249,NaN,16.9494,NaN,0.8497,NaN,0.0000,NaN,18.3875,NaN,15.5113,NaN,534.00,NaN
filter_movement,filter_wavelet,-20.3108,22.3277,42.6371,24.5340,-40.6217,44.6553,0.0000,0.0000,79.1128,46.9949,6.1615,1.5066,905.62,691.8750,0.4458,NaN,7.4490,NaN,0.8916,NaN,0.0000,NaN,4.1358,NaN,10.7623,NaN,330.00,NaN
filter_movement,filter_wavelet,-0.2570,0.1793,55.3928,7.3794,0.0000,0.0000,-0.5141,0.3586,85.6568,22.8812,25.1288,4.3032,905.00,322.5000,0.0177,NaN,15.0368,NaN,0.0000,NaN,0.0355,NaN,11.6982,NaN,18.3754,NaN,258.75,NaN
filter_movement,filter_wavelet,-0.1051,0.1235,65.3364,9.4602,0.0000,0.0000,-0.2102,0.2469,85.9237,21.8738,44.7491,9.3568,788.33,810.0000,0.3686,NaN,22.6119,NaN,0.0000,NaN,0.7373,NaN,25.0453,NaN,20.1785,NaN,341.25,NaN
filter_movement,filter_wavelet,-5.7071,3.1496,46.7670,7.5785,-10.9092,6.9462,-0.5050,0.4316,68.4503,20.6317,25.0836,4.9603,1805.00,135.0000,0.7418,NaN,9.2475,NaN,0.7606,NaN,0.7229,NaN,8.9094,NaN,9.5855,NaN,471.43,NaN
filter_movement,filter_wavelet,-1.0601,0.9138,56.9058,10.6520,-1.7927,1.3806,-0.3274,0.3214,66.7242,17.1322,47.0874,8.8352,1615.00,262.5000,0.6079,NaN,23.7273,NaN,0.8136,NaN,0.4021,NaN,17.0018,NaN,30.4528,NaN,577.50,NaN
filter_movement,filter_wavelet,0.0000,0.0000,47.2792,5.7307,0.0000,0.0000,0.0000,0.0000,79.7103,36.4289,14.8482,11.1926,NaN,NaN,NaN,NaN,NaN,NaN,NaN,NaN,NaN,NaN,NaN,NaN,NaN,NaN,NaN,NaN
filter,filter_bandpass_only,-1.9622,0.7065,37.4802,21.7692,-3.7720,1.3784,-0.1524,0.2618,54.1909,21.4789,20.7694,28.3222,849.94,1096.3125,0.3076,0.0822,15.8642,8.6915,0.3206,0.4879,0.2947,0.6186,17.6070,11.5234,14.1213,6.9266,237.53,245.1350
filter,filter_base,-1.7451,0.8217,39.4277,22.0409,-3.0533,0.8966,-0.4370,0.4186,47.9364,27.8350,30.9190,20.5987,807.33,870.0000,0.4252,0.0694,13.8684,9.1861,0.4836,0.4975,0.3667,0.7918,15.3936,11.1137,12.3431,7.2995,300.83,239.0625
filter,filter_naive_minmax,-0.2940,0.1787,24.3117,13.9567,-0.4355,0.4990,-0.1525,0.2226,27.9418,40.6658,20.6816,23.6986,580.72,633.9975,-0.2538,0.3494,25.2347,16.6848,-0.3183,0.0983,-0.1893,0.2593,27.2822,15.8493,23.1872,15.7607,357.00,156.7500
filter,filter_no_filtering,-0.5590,0.2710,25.9780,13.0427,-0.8167,0.4587,-0.3012,0.5722,32.5387,27.7231,19.4173,28.4377,1200.24,873.7500,-0.7010,0.3862,27.2036,15.1151,-0.8258,0.5057,-0.5762,1.1381,32.8649,28.6138,21.5423,33.9419,696.67,650.0000
filter,filter_no_rectification,-2.2513,0.5982,39.0399,17.6298,-4.3120,1.2311,-0.1907,0.3495,56.0181,30.1680,22.0617,26.2180,924.16,723.7500,0.3953,0.0817,14.3347,8.0578,0.4885,0.5069,0.3022,0.6650,15.1375,9.3828,13.5319,7.1155,391.95,240.0000
filter,filter_notch_only,-0.6074,0.2812,27.3642,8.4786,-1.0195,0.2854,-0.1953,0.3911,34.9430,21.6974,19.7854,23.3272,1010.86,675.0000,-0.4153,0.5905,24.0132,12.3321,-0.4715,0.3997,-0.3592,0.6760,27.2508,27.1295,20.7755,28.9884,368.69,327.1875
filter,filter_wavelet,-3.6082,1.5987,47.3440,18.3620,-7.0333,3.3138,-0.1831,0.3265,73.1042,24.4140,21.5838,26.6329,1157.16,1080.0000,0.4193,0.1304,14.2013,9.5672,0.6015,0.3756,0.2372,0.4823,13.4992,8.4398,14.9035,9.3331,462.24,240.9375
step_movement,step_10ms,-2.3326,2.3010,23.7941,11.9236,-4.6652,4.6021,0.0000,0.0000,44.6861,21.9241,2.9021,1.9230,390.00,NaN,0.2369,NaN,8.0543,NaN,0.4739,NaN,0.0000,NaN,10.7052,NaN,5.4035,NaN,NaN,NaN
step_movement,step_10ms,-0.3572,0.5914,32.7847,16.6961,-0.7144,1.1827,0.0000,0.0000,54.0548,16.6253,11.5145,14.4708,505.00,145.0000,0.4351,NaN,12.7007,NaN,0.8702,NaN,0.0000,NaN,13.4215,NaN,11.9800,NaN,104.00,NaN
step_movement,step_10ms,-0.0805,0.3181,34.8617,18.9241,-0.1610,0.6362,0.0000,0.0000,52.9467,16.8264,16.7767,19.9636,451.25,418.7500,0.4393,NaN,18.6221,NaN,0.8786,NaN,0.0000,NaN,16.5236,NaN,20.7206,NaN,142.73,NaN
step_movement,step_10ms,-10.5461,17.3543,27.9818,31.8163,-21.0923,34.7085,0.0000,0.0000,53.0063,59.8272,2.9573,3.8054,233.33,30.0000,0.3202,NaN,5.5402,NaN,0.6404,NaN,0.0000,NaN,7.5371,NaN,3.5433,NaN,NaN,NaN
step_movement,step_10ms,-0.2749,0.2536,43.4383,16.2428,0.0000,0.0000,-0.5499,0.5072,61.4119,27.4903,25.4648,5.6491,363.33,350.0000,0.4367,NaN,7.2196,NaN,0.0000,NaN,0.8734,NaN,7.7843,NaN,6.6549,NaN,370.00,NaN
step_movement,step_10ms,-0.0283,0.1288,51.2744,14.8269,0.0000,0.0000,-0.0567,0.2576,60.5693,27.0251,41.9795,3.6771,519.58,271.2525,0.4534,NaN,14.7557,NaN,0.0000,NaN,0.9068,NaN,17.4921,NaN,12.0194,NaN,120.00,NaN
step_movement,step_10ms,-3.4841,4.9659,37.1339,17.4661,-6.6749,9.8221,-0.2933,0.2226,50.9459,35.0421,23.3219,2.2476,418.33,162.5000,0.6361,NaN,9.9246,NaN,0.3540,NaN,0.9182,NaN,14.6395,NaN,5.2098,NaN,NaN,NaN
step_movement,step_10ms,-0.6864,0.4435,52.2389,6.2847,-0.9535,1.1193,-0.4194,0.1916,55.5144,17.8211,48.9634,6.3522,480.00,420.0000,0.8016,NaN,17.4295,NaN,0.7569,NaN,0.8464,NaN,19.4220,NaN,15.4370,NaN,140.00,NaN
step_movement,step_10ms,0.0000,0.0000,31.2658,22.9403,0.0000,0.0000,0.0000,0.0000,53.9908,35.6540,8.5408,8.5787,NaN,NaN,NaN,NaN,NaN,NaN,NaN,NaN,NaN,NaN,NaN,NaN,NaN,NaN,NaN,NaN
step_movement,step_15ms,-3.1947,3.2053,25.5547,14.5337,-6.3895,6.4106,0.0000,0.0000,49.5325,27.6901,1.5768,1.3772,315.00,NaN,0.2632,NaN,7.3276,NaN,0.5265,NaN,0.0000,NaN,10.1568,NaN,4.4983,NaN,NaN,NaN
step_movement,step_15ms,-0.5337,0.4718,33.3486,12.0473,-1.0674,0.9437,0.0000,0.0000,59.3135,12.2431,7.3837,8.2281,330.00,315.0000,0.4377,NaN,10.7892,NaN,0.8754,NaN,0.0000,NaN,13.1467,NaN,8.4317,NaN,105.00,NaN
step_movement,step_15ms,-0.1783,0.3187,38.0020,17.5061,-0.3567,0.6373,0.0000,0.0000,57.0747,11.1257,18.9294,31.1915,491.25,588.7500,0.4356,NaN,15.7579,NaN,0.8713,NaN,0.0000,NaN,17.0146,NaN,14.5012,NaN,98.18,NaN
step_movement,step_15ms,-14.4713,23.0123,33.0306,31.3976,-28.9425,46.0245,0.0000,0.0000,64.3113,61.5941,1.7500,1.0879,225.00,60.0000,0.3634,NaN,4.2786,NaN,0.7267,NaN,0.0000,NaN,6.5701,NaN,1.9871,NaN,NaN,NaN
step_movement,step_15ms,-0.4881,0.3610,50.4818,14.2523,0.0000,0.0000,-0.9762,0.7219,72.6097,19.5993,28.3539,6.6738,285.00,307.5000,0.4523,NaN,6.3597,NaN,0.0000,NaN,0.9046,NaN,6.9402,NaN,5.7792,NaN,240.00,NaN
step_movement,step_15ms,-0.1000,0.2097,54.4341,15.0147,0.0000,0.0000,-0.2000,0.4194,64.0921,30.3820,44.7762,4.8820,450.00,510.0000,0.4409,NaN,18.2053,NaN,0.0000,NaN,0.8818,NaN,22.8713,NaN,13.5393,NaN,129.64,NaN
step_movement,step_15ms,-3.4190,3.9273,38.5256,17.5021,-5.6994,5.5815,-1.1385,1.0104,48.0974,21.5842,28.9538,9.0948,225.00,187.5000,0.7078,NaN,9.4548,NaN,0.5510,NaN,0.8645,NaN,12.2056,NaN,6.7040,NaN,NaN,NaN
step_movement,step_15ms,-0.8268,0.8579,54.1755,10.9064,-1.1344,1.5294,-0.5193,0.1995,57.6634,20.1741,50.6875,6.4487,235.00,172.5000,0.7845,NaN,17.6359,NaN,0.8943,NaN,0.6747,NaN,12.8044,NaN,22.4673,NaN,158.75,NaN
step_movement,step_15ms,0.0000,0.0000,31.7837,22.2085,0.0000,0.0000,0.0000,0.0000,55.8247,62.1291,7.7427,7.9730,NaN,NaN,NaN,NaN,NaN,NaN,NaN,NaN,NaN,NaN,NaN,NaN,NaN,NaN,NaN,NaN
step_movement,step_20ms,-3.0301,3.0354,26.4119,14.9198,-6.0602,6.0708,0.0000,0.0000,48.6430,26.6832,4.1809,3.1564,434.00,NaN,0.0669,NaN,8.8910,NaN,0.1337,NaN,0.0000,NaN,13.7395,NaN,4.0425,NaN,NaN,NaN
step_movement,step_20ms,-0.4854,0.6876,34.3278,17.7261,-0.9709,1.3751,0.0000,0.0000,57.7644,19.0674,10.8912,16.3848,1131.50,728.5000,0.1883,NaN,17.7128,NaN,0.3765,NaN,0.0000,NaN,29.4124,NaN,6.0133,NaN,NaN,NaN
step_movement,step_20ms,-0.2048,0.2121,39.7577,24.1518,-0.4096,0.4242,0.0000,0.0000,58.9191,11.0229,20.5963,37.0534,976.50,294.5000,0.1247,NaN,25.9348,NaN,0.2495,NaN,0.0000,NaN,41.0922,NaN,10.7775,NaN,NaN,NaN
step_movement,step_20ms,-12.6981,19.9250,36.7644,33.6084,-25.3961,39.8500,0.0000,0.0000,61.3265,55.7525,12.2023,10.5431,764.67,310.0000,0.0174,NaN,7.6627,NaN,0.0348,NaN,0.0000,NaN,12.3478,NaN,2.9777,NaN,NaN,NaN
step_movement,step_20ms,-1.0691,0.8221,48.5697,17.7973,0.0000,0.0000,-2.1382,1.6442,63.4961,22.1354,33.6433,9.9225,661.33,403.0000,0.0860,NaN,13.7177,NaN,0.0000,NaN,0.1720,NaN,10.4130,NaN,17.0224,NaN,930.00,NaN
step_movement,step_20ms,-0.1743,0.0395,52.3616,15.2023,0.0000,0.0000,-0.3486,0.0790,57.0644,31.5118,47.6587,2.0141,604.50,387.5000,0.1051,NaN,24.7316,NaN,0.0000,NaN,0.2102,NaN,14.4651,NaN,34.9982,NaN,1116.00,NaN
step_movement,step_20ms,-3.6288,5.3747,39.5153,19.6483,-4.9546,5.3767,-2.3029,2.0514,45.1567,22.2734,33.8739,12.0975,961.00,682.0000,0.2434,NaN,15.8387,NaN,0.2098,NaN,0.2770,NaN,16.1908,NaN,15.4866,NaN,NaN,NaN
step_movement,step_20ms,-0.7976,0.2269,54.0996,3.8847,-0.9332,1.0419,-0.6620,0.3719,55.3949,14.1824,52.8043,9.8759,542.50,108.5000,0.2952,NaN,33.0108,NaN,0.3790,NaN,0.2113,NaN,31.0399,NaN,34.9817,NaN,NaN,NaN
step_movement,step_20ms,0.0000,0.0000,31.7544,10.4561,0.0000,0.0000,0.0000,0.0000,48.8462,46.2893,14.6627,18.0272,NaN,NaN,NaN,NaN,NaN,NaN,NaN,NaN,NaN,NaN,NaN,NaN,NaN,NaN,NaN,NaN
step_movement,step_4ms,-2.2963,2.3110,24.6558,12.8226,-4.5926,4.6220,0.0000,0.0000,44.0949,22.3453,5.2168,3.2999,472.00,NaN,0.1855,NaN,7.8463,NaN,0.3711,NaN,0.0000,NaN,11.7047,NaN,3.9878,NaN,NaN,NaN
step_movement,step_4ms,-0.2709,0.4971,31.5478,14.4345,-0.5418,0.9942,0.0000,0.0000,51.2340,14.9269,11.8617,13.2914,565.33,222.0000,0.4192,NaN,11.1580,NaN,0.8383,NaN,0.0000,NaN,14.9789,NaN,7.3371,NaN,NaN,NaN
step_movement,step_4ms,-0.0115,0.3440,33.3229,10.6077,-0.0229,0.6881,0.0000,0.0000,49.3969,15.0915,17.2489,21.1339,458.50,353.5000,0.4446,NaN,16.5889,NaN,0.8892,NaN,0.0000,NaN,15.7859,NaN,17.3919,NaN,220.00,NaN
step_movement,step_4ms,-10.6857,13.9434,31.6140,22.7545,-21.3715,27.8869,0.0000,0.0000,58.0095,40.6840,5.2184,4.8250,418.67,78.0000,0.4427,NaN,3.1474,NaN,0.8855,NaN,0.0000,NaN,4.2529,NaN,2.0419,NaN,28.00,NaN
step_movement,step_4ms,-0.8610,0.7306,46.5712,16.9851,0.0000,0.0000,-1.7221,1.4612,61.5417,22.6267,31.6007,9.8204,345.33,376.0000,0.4697,NaN,6.0746,NaN,0.0000,NaN,0.9394,NaN,7.5442,NaN,4.6049,NaN,180.67,NaN
step_movement,step_4ms,-0.0237,0.3436,48.1768,6.5502,0.0000,0.0000,-0.0473,0.6872,55.0874,20.5401,41.2661,11.3478,473.00,405.0000,0.4453,NaN,17.3739,NaN,0.0000,NaN,0.8906,NaN,21.7226,NaN,13.0251,NaN,191.69,NaN
step_movement,step_4ms,-1.8998,2.0695,31.9179,10.3774,-3.3124,3.4595,-0.4871,0.5010,38.9516,16.2364,24.8841,6.2969,352.00,246.0000,0.6663,NaN,9.7933,NaN,0.4391,NaN,0.8935,NaN,13.6422,NaN,5.9443,NaN,NaN,NaN
step_movement,step_4ms,-0.4492,0.5974,48.2056,7.4601,-0.5722,0.9717,-0.3262,0.3667,49.5496,14.9684,46.8615,9.8261,714.00,630.0000,0.7713,NaN,18.6831,NaN,0.8296,NaN,0.7130,NaN,16.2626,NaN,21.1037,NaN,296.00,NaN
step_movement,step_4ms,0.0000,0.0000,26.7223,10.7991,0.0000,0.0000,0.0000,0.0000,47.1806,28.2818,6.2639,4.9411,NaN,NaN,NaN,NaN,NaN,NaN,NaN,NaN,NaN,NaN,NaN,NaN,NaN,NaN,NaN,NaN
step,step_10ms,-1.9558,0.6833,37.9855,26.2932,-3.7563,1.4311,-0.1552,0.2644,54.6804,34.1775,21.2906,32.0404,433.01,303.7500,0.4699,0.0927,11.7809,7.5785,0.4968,0.5197,0.4431,0.8818,13.4407,6.7907,10.1211,7.5187,175.35,22.7300
step,step_15ms,-2.5429,1.1506,40.7717,23.4687,-4.7524,1.9721,-0.3334,0.4518,59.2651,41.0975,22.2783,39.5463,332.50,356.2500,0.4857,0.0986,11.2261,9.1418,0.5556,0.4775,0.4157,0.8688,12.7137,4.7610,9.7385,8.3208,146.31,53.7500
step,step_20ms,-2.4204,0.9296,41.2184,27.1337,-4.1994,1.7548,-0.6414,0.4370,55.5635,32.7639,26.8733,44.0664,799.11,527.0000,0.1409,0.1208,18.4375,12.5214,0.1729,0.2551,0.1088,0.2105,21.0876,16.4277,15.7875,15.9916,1023.00,93.0000
step,step_4ms,-1.8059,0.6845,36.5184,21.3096,-3.3079,1.3595,-0.3038,0.3878,50.9410,28.8296,22.0957,28.6137,483.92,320.0000,0.4806,0.0820,11.3332,9.3818,0.5316,0.5718,0.4296,0.8913,13.2368,5.2405,9.4296,9.6662,183.27,39.3300
tfFroz_movement,tfFroz_cP1,-1.5060,1.2282,31.1316,1.6529,-3.0119,2.4563,0.0000,0.0000,41.0296,15.1284,21.2336,11.8227,570.00,450.0000,NaN,NaN,NaN,NaN,NaN,NaN,NaN,NaN,NaN,NaN,NaN,NaN,NaN,NaN
tfFroz_movement,tfFroz_cP1,-0.5829,0.7564,45.4520,5.0255,-1.1658,1.5128,0.0000,0.0000,61.2661,23.9461,29.6378,35.8344,1472.50,326.2500,NaN,NaN,NaN,NaN,NaN,NaN,NaN,NaN,NaN,NaN,NaN,NaN,NaN,NaN
tfFroz_movement,tfFroz_cP1,-0.1554,0.2700,48.1079,15.5199,-0.3109,0.5400,0.0000,0.0000,57.2350,13.0455,38.9808,45.0953,1162.92,676.2525,NaN,NaN,NaN,NaN,NaN,NaN,NaN,NaN,NaN,NaN,NaN,NaN,NaN,NaN
tfFroz_movement,tfFroz_cP1,-6.1329,10.1765,39.8106,46.7839,-12.2657,20.3531,0.0000,0.0000,42.9641,41.9208,36.6570,43.8387,1011.56,647.8125,NaN,NaN,NaN,NaN,NaN,NaN,NaN,NaN,NaN,NaN,NaN,NaN,NaN,NaN
tfFroz_movement,tfFroz_cP1,-1.3968,1.6399,40.7299,32.6952,0.0000,0.0000,-2.7937,3.2798,44.5938,37.6659,36.8659,18.5987,722.50,562.5000,NaN,NaN,NaN,NaN,NaN,NaN,NaN,NaN,NaN,NaN,NaN,NaN,NaN,NaN
tfFroz_movement,tfFroz_cP1,-0.0180,0.3638,44.0427,17.5130,0.0000,0.0000,-0.0360,0.7275,46.9087,16.2030,41.1766,14.2809,482.25,276.7500,NaN,NaN,NaN,NaN,NaN,NaN,NaN,NaN,NaN,NaN,NaN,NaN,NaN,NaN
tfFroz_movement,tfFroz_cP1,-3.4650,0.9201,42.1756,5.3970,-3.4592,2.2099,-3.4708,3.2185,42.4756,12.8251,41.8756,15.0062,650.00,633.7500,NaN,NaN,NaN,NaN,NaN,NaN,NaN,NaN,NaN,NaN,NaN,NaN,NaN,NaN
tfFroz_movement,tfFroz_cP1,-0.3601,0.5074,47.2553,8.8505,-0.3574,0.4101,-0.3627,0.6720,47.0285,9.5594,47.4820,12.5563,669.17,603.7500,NaN,NaN,NaN,NaN,NaN,NaN,NaN,NaN,NaN,NaN,NaN,NaN,NaN,NaN
tfFroz_movement,tfFroz_cP1,0.0000,0.0000,29.9019,26.4196,0.0000,0.0000,0.0000,0.0000,25.5666,7.0913,34.2371,49.8449,NaN,NaN,NaN,NaN,NaN,NaN,NaN,NaN,NaN,NaN,NaN,NaN,NaN,NaN,NaN,NaN
tfFroz_movement,tfFroz_cP2,-1.0908,0.9589,35.3238,19.3235,-2.1817,1.9178,0.0000,0.0000,35.8596,11.0354,34.7880,27.6116,630.00,420.0000,NaN,NaN,NaN,NaN,NaN,NaN,NaN,NaN,NaN,NaN,NaN,NaN,NaN,NaN
tfFroz_movement,tfFroz_cP2,-0.4295,0.5039,44.8929,16.9242,-0.8590,1.0077,0.0000,0.0000,54.4767,13.7943,35.3091,14.0320,580.12,596.6250,NaN,NaN,NaN,NaN,NaN,NaN,NaN,NaN,NaN,NaN,NaN,NaN,NaN,NaN
tfFroz_movement,tfFroz_cP2,-0.0344,0.2244,47.2934,18.9429,-0.0687,0.4487,0.0000,0.0000,49.8375,12.1315,44.7493,18.1445,353.28,406.1450,NaN,NaN,NaN,NaN,NaN,NaN,NaN,NaN,NaN,NaN,NaN,NaN,NaN,NaN
tfFroz_movement,tfFroz_cP2,-11.4795,15.2283,41.9794,40.5502,-22.9590,30.4567,0.0000,0.0000,58.7909,47.3506,25.1680,31.7224,359.06,254.0625,NaN,NaN,NaN,NaN,NaN,NaN,NaN,NaN,NaN,NaN,NaN,NaN,NaN,NaN
tfFroz_movement,tfFroz_cP2,-1.1827,1.3901,40.4680,11.6843,0.0000,0.0000,-2.3654,2.7801,45.7674,38.6940,35.1685,12.5000,903.75,851.2500,NaN,NaN,NaN,NaN,NaN,NaN,NaN,NaN,NaN,NaN,NaN,NaN,NaN,NaN
tfFroz_movement,tfFroz_cP2,0.0038,0.2069,42.4731,11.9358,0.0000,0.0000,0.0076,0.4138,45.8280,14.6522,39.1182,7.1933,690.00,660.0000,NaN,NaN,NaN,NaN,NaN,NaN,NaN,NaN,NaN,NaN,NaN,NaN,NaN,NaN
tfFroz_movement,tfFroz_cP2,-3.9425,2.4159,42.5684,9.5362,-4.2857,2.5110,-3.5994,2.7165,43.3366,11.6059,41.8003,15.0412,765.00,930.0000,NaN,NaN,NaN,NaN,NaN,NaN,NaN,NaN,NaN,NaN,NaN,NaN,NaN,NaN
tfFroz_movement,tfFroz_cP2,-0.3074,0.6461,45.2766,12.3733,-0.4377,0.8808,-0.1771,0.3899,47.1662,15.8837,43.3869,5.7460,540.00,390.0000,NaN,NaN,NaN,NaN,NaN,NaN,NaN,NaN,NaN,NaN,NaN,NaN,NaN,NaN
tfFroz_movement,tfFroz_cP2,0.0000,0.0000,40.0966,25.5642,0.0000,0.0000,0.0000,0.0000,35.5865,12.1920,44.6068,38.9365,NaN,NaN,NaN,NaN,NaN,NaN,NaN,NaN,NaN,NaN,NaN,NaN,NaN,NaN,NaN,NaN
tfFroz_movement,tfFroz_cP3,-0.6709,0.5912,32.0464,18.0355,-1.3417,1.1823,0.0000,0.0000,31.3799,7.6042,32.7128,28.4669,586.88,481.8750,NaN,NaN,NaN,NaN,NaN,NaN,NaN,NaN,NaN,NaN,NaN,NaN,NaN,NaN
tfFroz_movement,tfFroz_cP3,-0.2237,0.5333,41.7648,14.8510,-0.4473,1.0666,0.0000,0.0000,47.5663,18.1327,35.9632,11.5693,384.38,399.3750,NaN,NaN,NaN,NaN,NaN,NaN,NaN,NaN,NaN,NaN,NaN,NaN,NaN,NaN
tfFroz_movement,tfFroz_cP3,0.1299,0.3242,41.4383,16.7891,0.2598,0.6484,0.0000,0.0000,40.0018,18.3462,42.8748,28.0917,200.06,115.6875,NaN,NaN,NaN,NaN,NaN,NaN,NaN,NaN,NaN,NaN,NaN,NaN,NaN,NaN
tfFroz_movement,tfFroz_cP3,-8.5500,15.1460,38.0537,35.1306,-17.1000,30.2921,0.0000,0.0000,48.5006,54.7262,27.6067,15.5350,445.88,205.8750,NaN,NaN,NaN,NaN,NaN,NaN,NaN,NaN,NaN,NaN,NaN,NaN,NaN,NaN
tfFroz_movement,tfFroz_cP3,-1.5153,1.6025,36.8719,13.0122,0.0000,0.0000,-3.0306,3.2049,35.9467,48.3394,37.7970,13.4006,683.33,790.0000,NaN,NaN,NaN,NaN,NaN,NaN,NaN,NaN,NaN,NaN,NaN,NaN,NaN,NaN
tfFroz_movement,tfFroz_cP3,-0.0874,0.2007,38.5815,12.3096,0.0000,0.0000,-0.1748,0.4015,35.0408,16.0618,42.1221,11.3134,949.50,810.7500,NaN,NaN,NaN,NaN,NaN,NaN,NaN,NaN,NaN,NaN,NaN,NaN,NaN,NaN
tfFroz_movement,tfFroz_cP3,-4.1703,2.7783,40.5343,8.7705,-3.7272,4.0303,-4.6135,6.2160,36.0179,18.2201,45.0507,29.7724,736.50,1158.0000,NaN,NaN,NaN,NaN,NaN,NaN,NaN,NaN,NaN,NaN,NaN,NaN,NaN,NaN
tfFroz_movement,tfFroz_cP3,-0.3453,0.3106,45.7303,7.1837,-0.2926,0.7781,-0.3980,0.4943,44.0808,13.7411,47.3798,5.9066,936.00,462.0000,NaN,NaN,NaN,NaN,NaN,NaN,NaN,NaN,NaN,NaN,NaN,NaN,NaN,NaN
tfFroz_movement,tfFroz_cP3,0.0000,0.0000,35.6592,17.1699,0.0000,0.0000,0.0000,0.0000,22.3869,20.8647,48.9316,39.2639,NaN,NaN,NaN,NaN,NaN,NaN,NaN,NaN,NaN,NaN,NaN,NaN,NaN,NaN,NaN,NaN
tfFroz_movement,tfFroz_cP4,NaN,NaN,NaN,NaN,NaN,NaN,NaN,NaN,NaN,NaN,NaN,NaN,NaN,NaN,NaN,NaN,NaN,NaN,NaN,NaN,NaN,NaN,NaN,NaN,NaN,NaN,NaN,NaN
tfFroz_movement,tfFroz_cP4,NaN,NaN,NaN,NaN,NaN,NaN,NaN,NaN,NaN,NaN,NaN,NaN,NaN,NaN,NaN,NaN,NaN,NaN,NaN,NaN,NaN,NaN,NaN,NaN,NaN,NaN,NaN,NaN
tfFroz_movement,tfFroz_cP4,NaN,NaN,NaN,NaN,NaN,NaN,NaN,NaN,NaN,NaN,NaN,NaN,NaN,NaN,NaN,NaN,NaN,NaN,NaN,NaN,NaN,NaN,NaN,NaN,NaN,NaN,NaN,NaN
tfFroz_movement,tfFroz_cP4,NaN,NaN,NaN,NaN,NaN,NaN,NaN,NaN,NaN,NaN,NaN,NaN,NaN,NaN,NaN,NaN,NaN,NaN,NaN,NaN,NaN,NaN,NaN,NaN,NaN,NaN,NaN,NaN
tfFroz_movement,tfFroz_cP4,NaN,NaN,NaN,NaN,NaN,NaN,NaN,NaN,NaN,NaN,NaN,NaN,NaN,NaN,NaN,NaN,NaN,NaN,NaN,NaN,NaN,NaN,NaN,NaN,NaN,NaN,NaN,NaN
tfFroz_movement,tfFroz_cP4,NaN,NaN,NaN,NaN,NaN,NaN,NaN,NaN,NaN,NaN,NaN,NaN,NaN,NaN,NaN,NaN,NaN,NaN,NaN,NaN,NaN,NaN,NaN,NaN,NaN,NaN,NaN,NaN
tfFroz_movement,tfFroz_cP4,NaN,NaN,NaN,NaN,NaN,NaN,NaN,NaN,NaN,NaN,NaN,NaN,NaN,NaN,NaN,NaN,NaN,NaN,NaN,NaN,NaN,NaN,NaN,NaN,NaN,NaN,NaN,NaN
tfFroz_movement,tfFroz_cP4,NaN,NaN,NaN,NaN,NaN,NaN,NaN,NaN,NaN,NaN,NaN,NaN,NaN,NaN,NaN,NaN,NaN,NaN,NaN,NaN,NaN,NaN,NaN,NaN,NaN,NaN,NaN,NaN
tfFroz_movement,tfFroz_cP4,NaN,NaN,NaN,NaN,NaN,NaN,NaN,NaN,NaN,NaN,NaN,NaN,NaN,NaN,NaN,NaN,NaN,NaN,NaN,NaN,NaN,NaN,NaN,NaN,NaN,NaN,NaN,NaN
tfFroz_movement,tfFroz_cP6,-0.0855,NaN,23.9755,NaN,-0.1710,NaN,0.0000,NaN,45.5490,NaN,2.4020,NaN,1076.25,NaN,NaN,NaN,NaN,NaN,NaN,NaN,NaN,NaN,NaN,NaN,NaN,NaN,NaN,NaN
tfFroz_movement,tfFroz_cP6,0.1557,NaN,22.8704,NaN,0.3114,NaN,0.0000,NaN,39.5752,NaN,6.1656,NaN,469.50,NaN,NaN,NaN,NaN,NaN,NaN,NaN,NaN,NaN,NaN,NaN,NaN,NaN,NaN,NaN
tfFroz_movement,tfFroz_cP6,-0.5020,NaN,13.1789,NaN,-1.0039,NaN,0.0000,NaN,18.5269,NaN,7.8309,NaN,1237.50,NaN,NaN,NaN,NaN,NaN,NaN,NaN,NaN,NaN,NaN,NaN,NaN,NaN,NaN,NaN
tfFroz_movement,tfFroz_cP6,0.1610,NaN,16.5014,NaN,0.0000,NaN,0.3221,NaN,17.8428,NaN,15.1599,NaN,232.50,NaN,NaN,NaN,NaN,NaN,NaN,NaN,NaN,NaN,NaN,NaN,NaN,NaN,NaN,NaN
tfFroz_movement,tfFroz_cP6,0.1716,NaN,20.7600,NaN,0.0000,NaN,0.3433,NaN,11.3793,NaN,30.1407,NaN,112.50,NaN,NaN,NaN,NaN,NaN,NaN,NaN,NaN,NaN,NaN,NaN,NaN,NaN,NaN,NaN
tfFroz_movement,tfFroz_cP6,0.1003,NaN,18.3787,NaN,0.2476,NaN,-0.0469,NaN,16.8645,NaN,19.8928,NaN,480.00,NaN,NaN,NaN,NaN,NaN,NaN,NaN,NaN,NaN,NaN,NaN,NaN,NaN,NaN,NaN
tfFroz_movement,tfFroz_cP6,0.1144,NaN,36.8538,NaN,0.0733,NaN,0.1555,NaN,37.7098,NaN,35.9978,NaN,287.14,NaN,NaN,NaN,NaN,NaN,NaN,NaN,NaN,NaN,NaN,NaN,NaN,NaN,NaN,NaN
tfFroz_movement,tfFroz_cP6,0.0000,NaN,2.4288,NaN,0.0000,NaN,0.0000,NaN,4.4205,NaN,0.4372,NaN,NaN,NaN,NaN,NaN,NaN,NaN,NaN,NaN,NaN,NaN,NaN,NaN,NaN,NaN,NaN,NaN
tfFroz_movement,tfFroz_cP7,0.2591,NaN,15.4579,NaN,0.5182,NaN,0.0000,NaN,28.5823,NaN,2.3335,NaN,276.00,NaN,NaN,NaN,NaN,NaN,NaN,NaN,NaN,NaN,NaN,NaN,NaN,NaN,NaN,NaN
tfFroz_movement,tfFroz_cP7,0.2808,NaN,21.2844,NaN,0.5616,NaN,0.0000,NaN,33.4876,NaN,9.0813,NaN,280.50,NaN,NaN,NaN,NaN,NaN,NaN,NaN,NaN,NaN,NaN,NaN,NaN,NaN,NaN,NaN
tfFroz_movement,tfFroz_cP7,-0.1017,NaN,7.2907,NaN,-0.2033,NaN,0.0000,NaN,14.3115,NaN,0.2698,NaN,1035.00,NaN,NaN,NaN,NaN,NaN,NaN,NaN,NaN,NaN,NaN,NaN,NaN,NaN,NaN,NaN
tfFroz_movement,tfFroz_cP7,0.0906,NaN,15.9906,NaN,0.0000,NaN,0.1812,NaN,13.3926,NaN,18.5887,NaN,615.00,NaN,NaN,NaN,NaN,NaN,NaN,NaN,NaN,NaN,NaN,NaN,NaN,NaN,NaN,NaN
tfFroz_movement,tfFroz_cP7,0.3322,NaN,21.5628,NaN,0.0000,NaN,0.6645,NaN,19.1420,NaN,23.9835,NaN,213.00,NaN,NaN,NaN,NaN,NaN,NaN,NaN,NaN,NaN,NaN,NaN,NaN,NaN,NaN,NaN
tfFroz_movement,tfFroz_cP7,0.5022,NaN,14.1940,NaN,0.4873,NaN,0.5171,NaN,14.4062,NaN,13.9817,NaN,233.33,NaN,NaN,NaN,NaN,NaN,NaN,NaN,NaN,NaN,NaN,NaN,NaN,NaN,NaN,NaN
tfFroz_movement,tfFroz_cP7,0.5649,NaN,26.4080,NaN,0.5685,NaN,0.5613,NaN,26.2996,NaN,26.5164,NaN,76.88,NaN,NaN,NaN,NaN,NaN,NaN,NaN,NaN,NaN,NaN,NaN,NaN,NaN,NaN,NaN
tfFroz_movement,tfFroz_cP7,0.0000,NaN,7.0245,NaN,0.0000,NaN,0.0000,NaN,6.5965,NaN,7.4525,NaN,NaN,NaN,NaN,NaN,NaN,NaN,NaN,NaN,NaN,NaN,NaN,NaN,NaN,NaN,NaN,NaN
tfFroz_movement,tfFroz_cP9,0.2534,NaN,12.1251,NaN,0.5067,NaN,0.0000,NaN,14.5850,NaN,9.6652,NaN,155.00,NaN,NaN,NaN,NaN,NaN,NaN,NaN,NaN,NaN,NaN,NaN,NaN,NaN,NaN,NaN
tfFroz_movement,tfFroz_cP9,0.3285,NaN,16.8771,NaN,0.6570,NaN,0.0000,NaN,24.1923,NaN,9.5618,NaN,120.00,NaN,NaN,NaN,NaN,NaN,NaN,NaN,NaN,NaN,NaN,NaN,NaN,NaN,NaN,NaN
tfFroz_movement,tfFroz_cP9,0.3001,NaN,20.1424,NaN,0.6002,NaN,0.0000,NaN,31.8585,NaN,8.4262,NaN,129.00,NaN,NaN,NaN,NaN,NaN,NaN,NaN,NaN,NaN,NaN,NaN,NaN,NaN,NaN,NaN
tfFroz_movement,tfFroz_cP9,-1.6353,NaN,18.6668,NaN,-3.2705,NaN,0.0000,NaN,28.3891,NaN,8.9444,NaN,495.00,NaN,NaN,NaN,NaN,NaN,NaN,NaN,NaN,NaN,NaN,NaN,NaN,NaN,NaN,NaN
tfFroz_movement,tfFroz_cP9,0.2034,NaN,11.5152,NaN,0.0000,NaN,0.4067,NaN,6.7891,NaN,16.2412,NaN,397.50,NaN,NaN,NaN,NaN,NaN,NaN,NaN,NaN,NaN,NaN,NaN,NaN,NaN,NaN,NaN
tfFroz_movement,tfFroz_cP9,0.2988,NaN,14.5931,NaN,0.0000,NaN,0.5976,NaN,2.7782,NaN,26.4080,NaN,168.00,NaN,NaN,NaN,NaN,NaN,NaN,NaN,NaN,NaN,NaN,NaN,NaN,NaN,NaN,NaN
tfFroz_movement,tfFroz_cP9,0.0463,NaN,20.0363,NaN,0.2868,NaN,-0.1942,NaN,17.4681,NaN,22.6046,NaN,185.00,NaN,NaN,NaN,NaN,NaN,NaN,NaN,NaN,NaN,NaN,NaN,NaN,NaN,NaN,NaN
tfFroz_movement,tfFroz_cP9,0.1147,NaN,38.4897,NaN,0.3493,NaN,-0.1199,NaN,33.2972,NaN,43.6822,NaN,480.00,NaN,NaN,NaN,NaN,NaN,NaN,NaN,NaN,NaN,NaN,NaN,NaN,NaN,NaN,NaN
tfFroz_movement,tfFroz_cP9,0.0000,NaN,5.2065,NaN,0.0000,NaN,0.0000,NaN,6.5305,NaN,3.8824,NaN,NaN,NaN,NaN,NaN,NaN,NaN,NaN,NaN,NaN,NaN,NaN,NaN,NaN,NaN,NaN,NaN
tfFroz_movement,tfFroz_sP8,NaN,NaN,NaN,NaN,NaN,NaN,NaN,NaN,NaN,NaN,NaN,NaN,NaN,NaN,0.3366,NaN,5.6235,NaN,0.6732,NaN,0.0000,NaN,8.4337,NaN,2.8133,NaN,678.00,NaN
tfFroz_movement,tfFroz_sP8,NaN,NaN,NaN,NaN,NaN,NaN,NaN,NaN,NaN,NaN,NaN,NaN,NaN,NaN,0.4232,NaN,9.5441,NaN,0.8464,NaN,0.0000,NaN,14.5923,NaN,4.4959,NaN,465.00,NaN
tfFroz_movement,tfFroz_sP8,NaN,NaN,NaN,NaN,NaN,NaN,NaN,NaN,NaN,NaN,NaN,NaN,NaN,NaN,0.4331,NaN,15.9776,NaN,0.8662,NaN,0.0000,NaN,17.3480,NaN,14.6071,NaN,400.00,NaN
tfFroz_movement,tfFroz_sP8,NaN,NaN,NaN,NaN,NaN,NaN,NaN,NaN,NaN,NaN,NaN,NaN,NaN,NaN,0.4375,NaN,4.8144,NaN,0.8751,NaN,0.0000,NaN,4.4401,NaN,5.1887,NaN,1530.00,NaN
tfFroz_movement,tfFroz_sP8,NaN,NaN,NaN,NaN,NaN,NaN,NaN,NaN,NaN,NaN,NaN,NaN,NaN,NaN,0.4365,NaN,7.3903,NaN,0.0000,NaN,0.8730,NaN,8.1140,NaN,6.6667,NaN,248.57,NaN
tfFroz_movement,tfFroz_sP8,NaN,NaN,NaN,NaN,NaN,NaN,NaN,NaN,NaN,NaN,NaN,NaN,NaN,NaN,0.3935,NaN,12.9894,NaN,0.0000,NaN,0.7869,NaN,7.8046,NaN,18.1743,NaN,334.09,NaN
tfFroz_movement,tfFroz_sP8,NaN,NaN,NaN,NaN,NaN,NaN,NaN,NaN,NaN,NaN,NaN,NaN,NaN,NaN,0.8415,NaN,7.2458,NaN,0.8290,NaN,0.8539,NaN,7.5299,NaN,6.9617,NaN,327.86,NaN
tfFroz_movement,tfFroz_sP8,NaN,NaN,NaN,NaN,NaN,NaN,NaN,NaN,NaN,NaN,NaN,NaN,NaN,NaN,0.7474,NaN,19.7910,NaN,0.7540,NaN,0.7409,NaN,19.5337,NaN,20.0483,NaN,461.25,NaN
tfFroz,tfFroz_cP1,-1.5134,1.3627,41.5343,23.0953,-2.2429,1.4859,-0.7839,0.6515,45.7122,30.5308,37.3564,38.1920,853.03,1007.5000,NaN,NaN,NaN,NaN,NaN,NaN,NaN,NaN,NaN,NaN,NaN,NaN,NaN,NaN
tfFroz,tfFroz_cP2,-2.1079,1.4578,42.6718,23.0632,-3.4942,1.1735,-0.7217,0.2324,46.9082,23.6465,38.4354,19.1540,602.03,720.0000,NaN,NaN,NaN,NaN,NaN,NaN,NaN,NaN,NaN,NaN,NaN,NaN,NaN,NaN
tfFroz,tfFroz_cP3,-1.7762,1.1853,39.3714,23.5588,-2.5857,0.7117,-0.9667,0.4301,38.2626,33.8681,40.4803,27.6143,602.98,711.5625,NaN,NaN,NaN,NaN,NaN,NaN,NaN,NaN,NaN,NaN,NaN,NaN,NaN,NaN
tfFroz,tfFroz_cP4,NaN,NaN,NaN,NaN,NaN,NaN,NaN,NaN,NaN,NaN,NaN,NaN,NaN,NaN,NaN,NaN,NaN,NaN,NaN,NaN,NaN,NaN,NaN,NaN,NaN,NaN,NaN,NaN
tfFroz,tfFroz_cP6,0.0145,0.1784,19.3684,7.4759,-0.0678,0.1596,0.0968,0.1971,23.9835,22.6829,14.7534,17.2301,556.48,518.3050,NaN,NaN,NaN,NaN,NaN,NaN,NaN,NaN,NaN,NaN,NaN,NaN,NaN,NaN
tfFroz,tfFroz_cP7,0.2410,0.3068,16.1516,8.8859,0.2415,0.5291,0.2405,0.5282,19.5273,12.7885,12.7759,13.7646,389.96,224.5850,NaN,NaN,NaN,NaN,NaN,NaN,NaN,NaN,NaN,NaN,NaN,NaN,NaN,NaN
tfFroz,tfFroz_cP9,-0.0100,0.2525,17.5169,7.9112,-0.0967,0.5067,0.0767,0.0000,18.4320,21.6000,16.6018,13.6602,266.19,269.6250,NaN,NaN,NaN,NaN,NaN,NaN,NaN,NaN,NaN,NaN,NaN,NaN,NaN,NaN
tfFroz,tfFroz_sP8,NaN,NaN,NaN,NaN,NaN,NaN,NaN,NaN,NaN,NaN,NaN,NaN,NaN,NaN,0.5062,0.0993,10.4220,6.8963,0.6055,0.3465,0.4068,0.8036,10.9745,7.5453,9.8695,10.4834,555.60,185.7175
tfNotFroz_movement,tfNotFroz_cP1,NaN,NaN,NaN,NaN,NaN,NaN,NaN,NaN,NaN,NaN,NaN,NaN,NaN,NaN,NaN,NaN,NaN,NaN,NaN,NaN,NaN,NaN,NaN,NaN,NaN,NaN,NaN,NaN
tfNotFroz_movement,tfNotFroz_cP1,NaN,NaN,NaN,NaN,NaN,NaN,NaN,NaN,NaN,NaN,NaN,NaN,NaN,NaN,NaN,NaN,NaN,NaN,NaN,NaN,NaN,NaN,NaN,NaN,NaN,NaN,NaN,NaN
tfNotFroz_movement,tfNotFroz_cP1,NaN,NaN,NaN,NaN,NaN,NaN,NaN,NaN,NaN,NaN,NaN,NaN,NaN,NaN,NaN,NaN,NaN,NaN,NaN,NaN,NaN,NaN,NaN,NaN,NaN,NaN,NaN,NaN
tfNotFroz_movement,tfNotFroz_cP1,NaN,NaN,NaN,NaN,NaN,NaN,NaN,NaN,NaN,NaN,NaN,NaN,NaN,NaN,NaN,NaN,NaN,NaN,NaN,NaN,NaN,NaN,NaN,NaN,NaN,NaN,NaN,NaN
tfNotFroz_movement,tfNotFroz_cP1,NaN,NaN,NaN,NaN,NaN,NaN,NaN,NaN,NaN,NaN,NaN,NaN,NaN,NaN,NaN,NaN,NaN,NaN,NaN,NaN,NaN,NaN,NaN,NaN,NaN,NaN,NaN,NaN
tfNotFroz_movement,tfNotFroz_cP1,NaN,NaN,NaN,NaN,NaN,NaN,NaN,NaN,NaN,NaN,NaN,NaN,NaN,NaN,NaN,NaN,NaN,NaN,NaN,NaN,NaN,NaN,NaN,NaN,NaN,NaN,NaN,NaN
tfNotFroz_movement,tfNotFroz_cP1,NaN,NaN,NaN,NaN,NaN,NaN,NaN,NaN,NaN,NaN,NaN,NaN,NaN,NaN,NaN,NaN,NaN,NaN,NaN,NaN,NaN,NaN,NaN,NaN,NaN,NaN,NaN,NaN
tfNotFroz_movement,tfNotFroz_cP1,NaN,NaN,NaN,NaN,NaN,NaN,NaN,NaN,NaN,NaN,NaN,NaN,NaN,NaN,NaN,NaN,NaN,NaN,NaN,NaN,NaN,NaN,NaN,NaN,NaN,NaN,NaN,NaN
tfNotFroz_movement,tfNotFroz_cP1,NaN,NaN,NaN,NaN,NaN,NaN,NaN,NaN,NaN,NaN,NaN,NaN,NaN,NaN,NaN,NaN,NaN,NaN,NaN,NaN,NaN,NaN,NaN,NaN,NaN,NaN,NaN,NaN
tfNotFroz_movement,tfNotFroz_cP2,NaN,NaN,NaN,NaN,NaN,NaN,NaN,NaN,NaN,NaN,NaN,NaN,NaN,NaN,NaN,NaN,NaN,NaN,NaN,NaN,NaN,NaN,NaN,NaN,NaN,NaN,NaN,NaN
tfNotFroz_movement,tfNotFroz_cP2,NaN,NaN,NaN,NaN,NaN,NaN,NaN,NaN,NaN,NaN,NaN,NaN,NaN,NaN,NaN,NaN,NaN,NaN,NaN,NaN,NaN,NaN,NaN,NaN,NaN,NaN,NaN,NaN
tfNotFroz_movement,tfNotFroz_cP2,NaN,NaN,NaN,NaN,NaN,NaN,NaN,NaN,NaN,NaN,NaN,NaN,NaN,NaN,NaN,NaN,NaN,NaN,NaN,NaN,NaN,NaN,NaN,NaN,NaN,NaN,NaN,NaN
tfNotFroz_movement,tfNotFroz_cP2,NaN,NaN,NaN,NaN,NaN,NaN,NaN,NaN,NaN,NaN,NaN,NaN,NaN,NaN,NaN,NaN,NaN,NaN,NaN,NaN,NaN,NaN,NaN,NaN,NaN,NaN,NaN,NaN
tfNotFroz_movement,tfNotFroz_cP2,NaN,NaN,NaN,NaN,NaN,NaN,NaN,NaN,NaN,NaN,NaN,NaN,NaN,NaN,NaN,NaN,NaN,NaN,NaN,NaN,NaN,NaN,NaN,NaN,NaN,NaN,NaN,NaN
tfNotFroz_movement,tfNotFroz_cP2,NaN,NaN,NaN,NaN,NaN,NaN,NaN,NaN,NaN,NaN,NaN,NaN,NaN,NaN,NaN,NaN,NaN,NaN,NaN,NaN,NaN,NaN,NaN,NaN,NaN,NaN,NaN,NaN
tfNotFroz_movement,tfNotFroz_cP2,NaN,NaN,NaN,NaN,NaN,NaN,NaN,NaN,NaN,NaN,NaN,NaN,NaN,NaN,NaN,NaN,NaN,NaN,NaN,NaN,NaN,NaN,NaN,NaN,NaN,NaN,NaN,NaN
tfNotFroz_movement,tfNotFroz_cP2,NaN,NaN,NaN,NaN,NaN,NaN,NaN,NaN,NaN,NaN,NaN,NaN,NaN,NaN,NaN,NaN,NaN,NaN,NaN,NaN,NaN,NaN,NaN,NaN,NaN,NaN,NaN,NaN
tfNotFroz_movement,tfNotFroz_cP2,NaN,NaN,NaN,NaN,NaN,NaN,NaN,NaN,NaN,NaN,NaN,NaN,NaN,NaN,NaN,NaN,NaN,NaN,NaN,NaN,NaN,NaN,NaN,NaN,NaN,NaN,NaN,NaN
tfNotFroz_movement,tfNotFroz_cP3,0.2426,NaN,10.2909,NaN,0.4852,NaN,0.0000,NaN,15.8426,NaN,4.7393,NaN,823.50,NaN,NaN,NaN,NaN,NaN,NaN,NaN,NaN,NaN,NaN,NaN,NaN,NaN,NaN,NaN
tfNotFroz_movement,tfNotFroz_cP3,0.3845,NaN,18.6016,NaN,0.7689,NaN,0.0000,NaN,21.2076,NaN,15.9957,NaN,474.00,NaN,NaN,NaN,NaN,NaN,NaN,NaN,NaN,NaN,NaN,NaN,NaN,NaN,NaN,NaN
tfNotFroz_movement,tfNotFroz_cP3,0.4303,NaN,19.1017,NaN,0.8606,NaN,0.0000,NaN,20.0293,NaN,18.1741,NaN,190.50,NaN,NaN,NaN,NaN,NaN,NaN,NaN,NaN,NaN,NaN,NaN,NaN,NaN,NaN,NaN
tfNotFroz_movement,tfNotFroz_cP3,0.4397,NaN,2.6546,NaN,0.8794,NaN,0.0000,NaN,4.9593,NaN,0.3500,NaN,190.50,NaN,NaN,NaN,NaN,NaN,NaN,NaN,NaN,NaN,NaN,NaN,NaN,NaN,NaN,NaN
tfNotFroz_movement,tfNotFroz_cP3,0.4336,NaN,5.4061,NaN,0.0000,NaN,0.8673,NaN,2.8498,NaN,7.9623,NaN,301.50,NaN,NaN,NaN,NaN,NaN,NaN,NaN,NaN,NaN,NaN,NaN,NaN,NaN,NaN,NaN
tfNotFroz_movement,tfNotFroz_cP3,0.4592,NaN,9.5456,NaN,0.0000,NaN,0.9185,NaN,6.5413,NaN,12.5499,NaN,108.00,NaN,NaN,NaN,NaN,NaN,NaN,NaN,NaN,NaN,NaN,NaN,NaN,NaN,NaN,NaN
tfNotFroz_movement,tfNotFroz_cP3,0.6965,NaN,11.7838,NaN,0.8240,NaN,0.5690,NaN,9.1882,NaN,14.3793,NaN,483.00,NaN,NaN,NaN,NaN,NaN,NaN,NaN,NaN,NaN,NaN,NaN,NaN,NaN,NaN,NaN
tfNotFroz_movement,tfNotFroz_cP3,0.6805,NaN,24.4078,NaN,0.7876,NaN,0.5735,NaN,20.1977,NaN,28.6178,NaN,600.00,NaN,NaN,NaN,NaN,NaN,NaN,NaN,NaN,NaN,NaN,NaN,NaN,NaN,NaN,NaN
tfNotFroz_movement,tfNotFroz_cP3,0.0000,NaN,0.4782,NaN,0.0000,NaN,0.0000,NaN,0.4762,NaN,0.4801,NaN,NaN,NaN,NaN,NaN,NaN,NaN,NaN,NaN,NaN,NaN,NaN,NaN,NaN,NaN,NaN,NaN
tfNotFroz_movement,tfNotFroz_cP4,NaN,NaN,NaN,NaN,NaN,NaN,NaN,NaN,NaN,NaN,NaN,NaN,NaN,NaN,NaN,NaN,NaN,NaN,NaN,NaN,NaN,NaN,NaN,NaN,NaN,NaN,NaN,NaN
tfNotFroz_movement,tfNotFroz_cP4,NaN,NaN,NaN,NaN,NaN,NaN,NaN,NaN,NaN,NaN,NaN,NaN,NaN,NaN,NaN,NaN,NaN,NaN,NaN,NaN,NaN,NaN,NaN,NaN,NaN,NaN,NaN,NaN
tfNotFroz_movement,tfNotFroz_cP4,NaN,NaN,NaN,NaN,NaN,NaN,NaN,NaN,NaN,NaN,NaN,NaN,NaN,NaN,NaN,NaN,NaN,NaN,NaN,NaN,NaN,NaN,NaN,NaN,NaN,NaN,NaN,NaN
tfNotFroz_movement,tfNotFroz_cP4,NaN,NaN,NaN,NaN,NaN,NaN,NaN,NaN,NaN,NaN,NaN,NaN,NaN,NaN,NaN,NaN,NaN,NaN,NaN,NaN,NaN,NaN,NaN,NaN,NaN,NaN,NaN,NaN
tfNotFroz_movement,tfNotFroz_cP4,NaN,NaN,NaN,NaN,NaN,NaN,NaN,NaN,NaN,NaN,NaN,NaN,NaN,NaN,NaN,NaN,NaN,NaN,NaN,NaN,NaN,NaN,NaN,NaN,NaN,NaN,NaN,NaN
tfNotFroz_movement,tfNotFroz_cP4,NaN,NaN,NaN,NaN,NaN,NaN,NaN,NaN,NaN,NaN,NaN,NaN,NaN,NaN,NaN,NaN,NaN,NaN,NaN,NaN,NaN,NaN,NaN,NaN,NaN,NaN,NaN,NaN
tfNotFroz_movement,tfNotFroz_cP4,NaN,NaN,NaN,NaN,NaN,NaN,NaN,NaN,NaN,NaN,NaN,NaN,NaN,NaN,NaN,NaN,NaN,NaN,NaN,NaN,NaN,NaN,NaN,NaN,NaN,NaN,NaN,NaN
tfNotFroz_movement,tfNotFroz_cP4,NaN,NaN,NaN,NaN,NaN,NaN,NaN,NaN,NaN,NaN,NaN,NaN,NaN,NaN,NaN,NaN,NaN,NaN,NaN,NaN,NaN,NaN,NaN,NaN,NaN,NaN,NaN,NaN
tfNotFroz_movement,tfNotFroz_cP4,NaN,NaN,NaN,NaN,NaN,NaN,NaN,NaN,NaN,NaN,NaN,NaN,NaN,NaN,NaN,NaN,NaN,NaN,NaN,NaN,NaN,NaN,NaN,NaN,NaN,NaN,NaN,NaN
tfNotFroz_movement,tfNotFroz_cP6,0.3197,NaN,13.1920,NaN,0.6395,NaN,0.0000,NaN,25.2730,NaN,1.1109,NaN,306.00,NaN,NaN,NaN,NaN,NaN,NaN,NaN,NaN,NaN,NaN,NaN,NaN,NaN,NaN,NaN
tfNotFroz_movement,tfNotFroz_cP6,0.3266,NaN,14.9237,NaN,0.6532,NaN,0.0000,NaN,28.0857,NaN,1.7617,NaN,94.50,NaN,NaN,NaN,NaN,NaN,NaN,NaN,NaN,NaN,NaN,NaN,NaN,NaN,NaN,NaN
tfNotFroz_movement,tfNotFroz_cP6,0.2278,NaN,5.2843,NaN,0.4555,NaN,0.0000,NaN,9.6580,NaN,0.9106,NaN,258.00,NaN,NaN,NaN,NaN,NaN,NaN,NaN,NaN,NaN,NaN,NaN,NaN,NaN,NaN,NaN
tfNotFroz_movement,tfNotFroz_cP6,0.3164,NaN,6.2970,NaN,0.0000,NaN,0.6328,NaN,1.4372,NaN,11.1568,NaN,123.00,NaN,NaN,NaN,NaN,NaN,NaN,NaN,NaN,NaN,NaN,NaN,NaN,NaN,NaN,NaN
tfNotFroz_movement,tfNotFroz_cP6,0.3207,NaN,13.6276,NaN,0.0000,NaN,0.6415,NaN,4.9835,NaN,22.2718,NaN,160.50,NaN,NaN,NaN,NaN,NaN,NaN,NaN,NaN,NaN,NaN,NaN,NaN,NaN,NaN,NaN
tfNotFroz_movement,tfNotFroz_cP6,0.6538,NaN,11.4400,NaN,0.6534,NaN,0.6541,NaN,11.4458,NaN,11.4342,NaN,147.00,NaN,NaN,NaN,NaN,NaN,NaN,NaN,NaN,NaN,NaN,NaN,NaN,NaN,NaN,NaN
tfNotFroz_movement,tfNotFroz_cP6,0.6337,NaN,23.7108,NaN,0.6329,NaN,0.6344,NaN,23.7347,NaN,23.6869,NaN,204.00,NaN,NaN,NaN,NaN,NaN,NaN,NaN,NaN,NaN,NaN,NaN,NaN,NaN,NaN,NaN
tfNotFroz_movement,tfNotFroz_cP6,0.0000,NaN,0.3254,NaN,0.0000,NaN,0.0000,NaN,0.3686,NaN,0.2821,NaN,NaN,NaN,NaN,NaN,NaN,NaN,NaN,NaN,NaN,NaN,NaN,NaN,NaN,NaN,NaN,NaN
tfNotFroz_movement,tfNotFroz_cP7,0.3800,NaN,10.5189,NaN,0.7599,NaN,0.0000,NaN,20.1753,NaN,0.8625,NaN,183.00,NaN,NaN,NaN,NaN,NaN,NaN,NaN,NaN,NaN,NaN,NaN,NaN,NaN,NaN,NaN
tfNotFroz_movement,tfNotFroz_cP7,0.3760,NaN,13.1120,NaN,0.7519,NaN,0.0000,NaN,25.1911,NaN,1.0329,NaN,163.50,NaN,NaN,NaN,NaN,NaN,NaN,NaN,NaN,NaN,NaN,NaN,NaN,NaN,NaN,NaN
tfNotFroz_movement,tfNotFroz_cP7,0.3056,NaN,4.2095,NaN,0.6113,NaN,0.0000,NaN,8.1337,NaN,0.2853,NaN,163.50,NaN,NaN,NaN,NaN,NaN,NaN,NaN,NaN,NaN,NaN,NaN,NaN,NaN,NaN,NaN
tfNotFroz_movement,tfNotFroz_cP7,0.3468,NaN,6.0073,NaN,0.0000,NaN,0.6937,NaN,0.6445,NaN,11.3701,NaN,187.50,NaN,NaN,NaN,NaN,NaN,NaN,NaN,NaN,NaN,NaN,NaN,NaN,NaN,NaN,NaN
tfNotFroz_movement,tfNotFroz_cP7,0.3743,NaN,10.8857,NaN,0.0000,NaN,0.7486,NaN,1.0110,NaN,20.7605,NaN,166.50,NaN,NaN,NaN,NaN,NaN,NaN,NaN,NaN,NaN,NaN,NaN,NaN,NaN,NaN,NaN
tfNotFroz_movement,tfNotFroz_cP7,0.7096,NaN,10.8437,NaN,0.7105,NaN,0.7086,NaN,10.8259,NaN,10.8614,NaN,115.50,NaN,NaN,NaN,NaN,NaN,NaN,NaN,NaN,NaN,NaN,NaN,NaN,NaN,NaN,NaN
tfNotFroz_movement,tfNotFroz_cP7,0.7334,NaN,20.6694,NaN,0.7341,NaN,0.7328,NaN,20.6446,NaN,20.6941,NaN,159.00,NaN,NaN,NaN,NaN,NaN,NaN,NaN,NaN,NaN,NaN,NaN,NaN,NaN,NaN,NaN
tfNotFroz_movement,tfNotFroz_cP7,0.0000,NaN,0.3049,NaN,0.0000,NaN,0.0000,NaN,0.0979,NaN,0.5118,NaN,NaN,NaN,NaN,NaN,NaN,NaN,NaN,NaN,NaN,NaN,NaN,NaN,NaN,NaN,NaN,NaN
tfNotFroz_movement,tfNotFroz_cP9,0.3425,NaN,6.2936,NaN,0.6850,NaN,0.0000,NaN,11.6559,NaN,0.9312,NaN,160.50,NaN,NaN,NaN,NaN,NaN,NaN,NaN,NaN,NaN,NaN,NaN,NaN,NaN,NaN,NaN
tfNotFroz_movement,tfNotFroz_cP9,0.3594,NaN,11.7287,NaN,0.7187,NaN,0.0000,NaN,21.9111,NaN,1.5462,NaN,132.00,NaN,NaN,NaN,NaN,NaN,NaN,NaN,NaN,NaN,NaN,NaN,NaN,NaN,NaN,NaN
tfNotFroz_movement,tfNotFroz_cP9,0.3553,NaN,15.5705,NaN,0.7107,NaN,0.0000,NaN,27.0988,NaN,4.0422,NaN,141.00,NaN,NaN,NaN,NaN,NaN,NaN,NaN,NaN,NaN,NaN,NaN,NaN,NaN,NaN,NaN
tfNotFroz_movement,tfNotFroz_cP9,0.1512,NaN,6.0823,NaN,0.3023,NaN,0.0000,NaN,11.4748,NaN,0.6897,NaN,441.00,NaN,NaN,NaN,NaN,NaN,NaN,NaN,NaN,NaN,NaN,NaN,NaN,NaN,NaN,NaN
tfNotFroz_movement,tfNotFroz_cP9,0.3017,NaN,7.0502,NaN,0.0000,NaN,0.6034,NaN,0.8222,NaN,13.2782,NaN,319.29,NaN,NaN,NaN,NaN,NaN,NaN,NaN,NaN,NaN,NaN,NaN,NaN,NaN,NaN,NaN
tfNotFroz_movement,tfNotFroz_cP9,0.3658,NaN,11.3019,NaN,0.0000,NaN,0.7315,NaN,1.0303,NaN,21.5735,NaN,171.00,NaN,NaN,NaN,NaN,NaN,NaN,NaN,NaN,NaN,NaN,NaN,NaN,NaN,NaN,NaN
tfNotFroz_movement,tfNotFroz_cP9,0.6102,NaN,12.9133,NaN,0.6183,NaN,0.6022,NaN,12.7796,NaN,13.0469,NaN,223.50,NaN,NaN,NaN,NaN,NaN,NaN,NaN,NaN,NaN,NaN,NaN,NaN,NaN,NaN,NaN
tfNotFroz_movement,tfNotFroz_cP9,0.6695,NaN,23.7296,NaN,0.6693,NaN,0.6698,NaN,23.7387,NaN,23.7204,NaN,201.00,NaN,NaN,NaN,NaN,NaN,NaN,NaN,NaN,NaN,NaN,NaN,NaN,NaN,NaN,NaN
tfNotFroz_movement,tfNotFroz_cP9,0.0000,NaN,0.4558,NaN,0.0000,NaN,0.0000,NaN,0.4949,NaN,0.4167,NaN,NaN,NaN,NaN,NaN,NaN,NaN,NaN,NaN,NaN,NaN,NaN,NaN,NaN,NaN,NaN,NaN
tfNotFroz_movement,tfNotFroz_sP8,NaN,NaN,NaN,NaN,NaN,NaN,NaN,NaN,NaN,NaN,NaN,NaN,NaN,NaN,0.4052,NaN,3.7113,NaN,0.8103,NaN,0.0000,NaN,6.4253,NaN,0.9973,NaN,660.00,NaN
tfNotFroz_movement,tfNotFroz_sP8,NaN,NaN,NaN,NaN,NaN,NaN,NaN,NaN,NaN,NaN,NaN,NaN,NaN,NaN,0.4590,NaN,6.1666,NaN,0.9180,NaN,0.0000,NaN,10.6630,NaN,1.6702,NaN,150.00,NaN
tfNotFroz_movement,tfNotFroz_sP8,NaN,NaN,NaN,NaN,NaN,NaN,NaN,NaN,NaN,NaN,NaN,NaN,NaN,NaN,0.4526,NaN,11.4348,NaN,0.9052,NaN,0.0000,NaN,14.5999,NaN,8.2697,NaN,198.75,NaN
tfNotFroz_movement,tfNotFroz_sP8,NaN,NaN,NaN,NaN,NaN,NaN,NaN,NaN,NaN,NaN,NaN,NaN,NaN,NaN,0.4629,NaN,2.7467,NaN,0.9259,NaN,0.0000,NaN,3.4196,NaN,2.0738,NaN,121.50,NaN
tfNotFroz_movement,tfNotFroz_sP8,NaN,NaN,NaN,NaN,NaN,NaN,NaN,NaN,NaN,NaN,NaN,NaN,NaN,NaN,0.4499,NaN,3.5833,NaN,0.0000,NaN,0.8998,NaN,1.2436,NaN,5.9230,NaN,300.00,NaN
tfNotFroz_movement,tfNotFroz_sP8,NaN,NaN,NaN,NaN,NaN,NaN,NaN,NaN,NaN,NaN,NaN,NaN,NaN,NaN,0.4630,NaN,5.9558,NaN,0.0000,NaN,0.9260,NaN,1.2030,NaN,10.7085,NaN,234.64,NaN
tfNotFroz_movement,tfNotFroz_sP8,NaN,NaN,NaN,NaN,NaN,NaN,NaN,NaN,NaN,NaN,NaN,NaN,NaN,NaN,0.9103,NaN,5.4542,NaN,0.9135,NaN,0.9070,NaN,5.3559,NaN,5.5524,NaN,231.43,NaN
tfNotFroz_movement,tfNotFroz_sP8,NaN,NaN,NaN,NaN,NaN,NaN,NaN,NaN,NaN,NaN,NaN,NaN,NaN,NaN,0.9380,NaN,9.7773,NaN,0.9473,NaN,0.9287,NaN,9.0393,NaN,10.5153,NaN,88.75,NaN
tfNotFroz,tfNotFroz_cP1,NaN,NaN,NaN,NaN,NaN,NaN,NaN,NaN,NaN,NaN,NaN,NaN,NaN,NaN,NaN,NaN,NaN,NaN,NaN,NaN,NaN,NaN,NaN,NaN,NaN,NaN,NaN,NaN
tfNotFroz,tfNotFroz_cP2,NaN,NaN,NaN,NaN,NaN,NaN,NaN,NaN,NaN,NaN,NaN,NaN,NaN,NaN,NaN,NaN,NaN,NaN,NaN,NaN,NaN,NaN,NaN,NaN,NaN,NaN,NaN,NaN
tfNotFroz,tfNotFroz_cP3,0.4186,0.0748,11.3634,13.1956,0.5117,0.8240,0.3254,0.5735,11.2547,15.0700,11.4721,11.2564,396.38,321.7500,NaN,NaN,NaN,NaN,NaN,NaN,NaN,NaN,NaN,NaN,NaN,NaN,NaN,NaN
tfNotFroz,tfNotFroz_cP4,NaN,NaN,NaN,NaN,NaN,NaN,NaN,NaN,NaN,NaN,NaN,NaN,NaN,NaN,NaN,NaN,NaN,NaN,NaN,NaN,NaN,NaN,NaN,NaN,NaN,NaN,NaN,NaN
tfNotFroz,tfNotFroz_cP6,0.3498,0.1091,11.1001,7.9078,0.3793,0.6429,0.3203,0.6362,13.1233,20.0224,9.0769,13.0828,184.71,96.0000,NaN,NaN,NaN,NaN,NaN,NaN,NaN,NaN,NaN,NaN,NaN,NaN,NaN,NaN
tfNotFroz,tfNotFroz_cP7,0.4032,0.1258,9.5689,5.8845,0.4460,0.7386,0.3605,0.7147,10.8405,19.3733,8.2973,12.9263,162.64,13.5000,NaN,NaN,NaN,NaN,NaN,NaN,NaN,NaN,NaN,NaN,NaN,NaN,NaN,NaN
tfNotFroz,tfNotFroz_cP9,0.3506,0.0640,10.5695,6.6197,0.4116,0.6850,0.2897,0.6034,12.3340,20.8808,8.8050,12.3470,223.66,91.8225,NaN,NaN,NaN,NaN,NaN,NaN,NaN,NaN,NaN,NaN,NaN,NaN,NaN,NaN
tfNotFroz,tfNotFroz_sP8,NaN,NaN,NaN,NaN,NaN,NaN,NaN,NaN,NaN,NaN,NaN,NaN,NaN,NaN,0.5676,0.1229,6.1037,3.3900,0.6775,0.3122,0.4577,0.9118,6.4937,6.5696,5.7138,6.8582,248.13,108.1050
window_movement,window_100ms,-0.6381,0.3277,26.7954,7.0867,-1.2763,0.6554,0.0000,0.0000,32.1236,5.6840,21.4672,19.8573,708.00,NaN,0.3788,NaN,6.1564,NaN,0.7576,NaN,0.0000,NaN,7.2635,NaN,5.0493,NaN,NaN,NaN
window_movement,window_100ms,-0.0606,0.2671,28.6387,7.9663,-0.1212,0.5342,0.0000,0.0000,43.6424,12.2764,13.6349,10.2183,830.00,312.0000,0.4415,NaN,10.1965,NaN,0.8829,NaN,0.0000,NaN,12.7408,NaN,7.6522,NaN,NaN,NaN
window_movement,window_100ms,0.0639,0.0687,31.9130,10.4208,0.1279,0.1374,0.0000,0.0000,47.0065,6.4118,16.8195,14.8286,376.00,258.0000,0.4366,NaN,15.6197,NaN,0.8733,NaN,0.0000,NaN,16.8800,NaN,14.3593,NaN,414.00,NaN
window_movement,window_100ms,-6.2794,4.0186,31.1774,15.9722,-12.5588,8.0372,0.0000,0.0000,47.1021,13.4567,15.2526,18.4877,834.00,612.0000,0.3779,NaN,4.5315,NaN,0.7558,NaN,0.0000,NaN,6.2089,NaN,2.8541,NaN,NaN,NaN
window_movement,window_100ms,-0.9268,1.4019,36.1402,7.6529,0.0000,0.0000,-1.8536,2.8037,38.8703,12.1342,33.4101,17.7498,217.33,108.0000,0.3757,NaN,7.6912,NaN,0.0000,NaN,0.7515,NaN,6.0549,NaN,9.3274,NaN,180.00,NaN
window_movement,window_100ms,-0.0158,0.1754,36.4376,11.2988,0.0000,0.0000,-0.0316,0.3507,31.5952,22.0744,41.2800,8.9370,367.33,217.0000,0.4306,NaN,14.9861,NaN,0.0000,NaN,0.8612,NaN,15.3039,NaN,14.6682,NaN,224.00,NaN
window_movement,window_100ms,-1.4042,0.5450,30.7501,5.7007,-1.1958,1.7130,-1.6126,1.3479,29.7161,11.7997,31.7841,5.7529,272.00,222.0000,0.6757,NaN,10.1239,NaN,0.5385,NaN,0.8129,NaN,12.3716,NaN,7.8762,NaN,NaN,NaN
window_movement,window_100ms,-0.2939,0.1477,46.4390,3.1510,-0.0959,0.2306,-0.4920,0.2504,42.6677,5.4721,50.2104,7.1715,392.00,240.0000,0.5281,NaN,27.0145,NaN,0.5798,NaN,0.4763,NaN,25.5281,NaN,28.5009,NaN,504.00,NaN
window_movement,window_100ms,0.0000,0.0000,24.0991,9.7457,0.0000,0.0000,0.0000,0.0000,19.6632,21.0213,28.5349,30.6675,NaN,NaN,NaN,NaN,NaN,NaN,NaN,NaN,NaN,NaN,NaN,NaN,NaN,NaN,NaN,NaN
window_movement,window_150ms,-1.0317,0.2428,27.6469,9.1258,-2.0635,0.4855,0.0000,0.0000,37.2876,1.8372,18.0063,16.4143,608.00,NaN,0.3355,NaN,7.3355,NaN,0.6710,NaN,0.0000,NaN,8.4636,NaN,6.2074,NaN,NaN,NaN
window_movement,window_150ms,-0.0715,0.0393,32.5304,10.1080,-0.1430,0.0786,0.0000,0.0000,45.0751,1.1543,19.9857,18.2418,481.33,66.5000,0.4553,NaN,9.5935,NaN,0.9106,NaN,0.0000,NaN,11.1345,NaN,8.0524,NaN,NaN,NaN
window_movement,window_150ms,0.0135,0.0836,34.3911,6.2253,0.0269,0.1671,0.0000,0.0000,49.5817,5.7055,19.2006,14.9456,418.00,85.5000,0.4436,NaN,16.2587,NaN,0.8873,NaN,0.0000,NaN,15.9245,NaN,16.5930,NaN,209.00,NaN
window_movement,window_150ms,-8.1571,8.7931,32.2828,24.2340,-16.3143,17.5863,0.0000,0.0000,51.9516,29.1667,12.6140,17.1875,905.67,627.0000,0.4119,NaN,4.7608,NaN,0.8239,NaN,0.0000,NaN,5.2726,NaN,4.2490,NaN,NaN,NaN
window_movement,window_150ms,-0.4853,0.4702,37.0416,4.3509,0.0000,0.0000,-0.9705,0.9403,46.1459,13.3987,27.9372,4.6968,342.00,199.5000,0.4084,NaN,5.4936,NaN,0.0000,NaN,0.8168,NaN,2.9785,NaN,8.0087,NaN,190.00,NaN
window_movement,window_150ms,-0.1363,0.1256,38.5484,15.2107,0.0000,0.0000,-0.2727,0.2511,30.9538,27.1576,46.1430,7.3702,489.25,237.5000,0.3822,NaN,14.3029,NaN,0.0000,NaN,0.7644,NaN,9.4955,NaN,19.1103,NaN,380.00,NaN
window_movement,window_150ms,-1.6666,1.1528,31.8337,8.6940,-1.5384,2.2438,-1.7948,1.8914,30.8763,16.8302,32.7912,9.5976,399.00,180.5000,0.6462,NaN,10.4899,NaN,0.4751,NaN,0.8172,NaN,13.1939,NaN,7.7858,NaN,NaN,NaN
window_movement,window_150ms,-0.4653,0.2538,49.1441,8.0122,-0.4984,0.7342,-0.4322,0.1822,49.2296,10.6658,49.0587,6.1214,430.67,256.5000,0.6653,NaN,22.3650,NaN,0.7908,NaN,0.5399,NaN,18.0155,NaN,26.7145,NaN,188.10,NaN
window_movement,window_150ms,0.0000,0.0000,27.7677,17.5215,0.0000,0.0000,0.0000,0.0000,25.4390,14.1324,30.0964,12.4973,NaN,NaN,NaN,NaN,NaN,NaN,NaN,NaN,NaN,NaN,NaN,NaN,NaN,NaN,NaN,NaN
window_movement,window_200ms,-2.0352,2.0391,27.1028,15.7538,-4.0704,4.0782,0.0000,0.0000,42.4093,20.4171,11.7962,11.0904,425.00,NaN,0.3201,NaN,5.5716,NaN,0.6403,NaN,0.0000,NaN,8.8488,NaN,2.2944,NaN,NaN,NaN
window_movement,window_200ms,-0.3808,0.5262,32.6348,15.5625,-0.7615,1.0523,0.0000,0.0000,54.4920,15.4085,10.7777,10.4654,333.33,262.5000,0.4285,NaN,8.7541,NaN,0.8571,NaN,0.0000,NaN,14.0757,NaN,3.4325,NaN,NaN,NaN
window_movement,window_200ms,-0.1196,0.2203,37.2683,25.3504,-0.2392,0.4406,0.0000,0.0000,54.6281,12.1093,19.9085,31.8396,278.12,215.6250,0.4118,NaN,14.8049,NaN,0.8235,NaN,0.0000,NaN,19.9231,NaN,9.6866,NaN,NaN,NaN
window_movement,window_200ms,-12.6867,19.5498,33.9395,29.3886,-25.3733,39.0996,0.0000,0.0000,61.7267,53.5905,6.1523,5.2712,275.00,62.5000,0.3393,NaN,4.9321,NaN,0.6787,NaN,0.0000,NaN,7.1221,NaN,2.7420,NaN,NaN,NaN
window_movement,window_200ms,-0.6131,0.5639,45.5396,14.1714,0.0000,0.0000,-1.2263,1.1278,61.5647,14.9410,29.5144,9.9332,325.00,350.0000,0.4064,NaN,7.8645,NaN,0.0000,NaN,0.8128,NaN,7.6335,NaN,8.0955,NaN,350.00,NaN
window_movement,window_200ms,-0.1284,0.1880,51.6945,9.6965,0.0000,0.0000,-0.2568,0.3761,57.5727,25.0439,45.8164,3.9047,500.00,275.0000,0.3855,NaN,17.3314,NaN,0.0000,NaN,0.7709,NaN,15.8169,NaN,18.8458,NaN,450.00,NaN
window_movement,window_200ms,-3.0359,2.9955,37.2923,12.7950,-4.5715,3.5711,-1.5003,1.0436,43.3500,13.4994,31.2347,7.7934,341.67,175.0000,0.5925,NaN,11.5124,NaN,0.4800,NaN,0.7050,NaN,13.1329,NaN,9.8919,NaN,NaN,NaN
window_movement,window_200ms,-0.5089,0.4194,49.6336,5.2435,-0.5344,0.8194,-0.4834,0.2820,49.2468,12.5249,50.0203,4.3541,308.33,137.5000,0.5725,NaN,24.8753,NaN,0.7860,NaN,0.3590,NaN,18.2182,NaN,31.5325,NaN,100.00,NaN
window_movement,window_200ms,0.0000,0.0000,34.3661,20.7817,0.0000,0.0000,0.0000,0.0000,45.7947,35.4271,22.9376,35.3257,NaN,NaN,NaN,NaN,NaN,NaN,NaN,NaN,NaN,NaN,NaN,NaN,NaN,NaN,NaN,NaN
window_movement,window_300ms,-2.8241,2.8223,25.9717,14.4207,-5.6483,5.6446,0.0000,0.0000,47.4862,25.3673,4.4571,3.4740,185.00,NaN,0.3281,NaN,6.6082,NaN,0.6563,NaN,0.0000,NaN,8.6511,NaN,4.5654,NaN,NaN,NaN
window_movement,window_300ms,-0.4814,0.7687,32.4364,15.1563,-0.9628,1.5375,0.0000,0.0000,57.5050,21.5160,7.3679,8.7965,370.00,462.5000,0.3709,NaN,13.2433,NaN,0.7417,NaN,0.0000,NaN,18.9245,NaN,7.5622,NaN,NaN,NaN
window_movement,window_300ms,-0.1718,0.3509,36.6329,22.4719,-0.3435,0.7019,0.0000,0.0000,57.0583,17.3008,16.2076,26.7700,536.50,851.0000,0.3142,NaN,20.4963,NaN,0.6285,NaN,0.0000,NaN,28.9102,NaN,12.0824,NaN,NaN,NaN
window_movement,window_300ms,-12.8658,21.1802,31.7225,34.2698,-25.7317,42.3604,0.0000,0.0000,59.2641,63.8498,4.1809,4.6529,12.33,18.5000,0.0548,NaN,8.4690,NaN,0.1095,NaN,0.0000,NaN,11.8579,NaN,5.0801,NaN,NaN,NaN
window_movement,window_300ms,-0.4650,0.4801,44.4534,13.2535,0.0000,0.0000,-0.9299,0.9603,61.3776,24.9067,27.5293,9.2989,259.00,203.5000,0.3071,NaN,10.7084,NaN,0.0000,NaN,0.6142,NaN,9.7962,NaN,11.6207,NaN,481.00,NaN
window_movement,window_300ms,-0.0791,0.0394,51.9742,12.4879,0.0000,0.0000,-0.1581,0.0787,59.8739,25.1632,44.0744,1.4310,370.00,407.0000,0.3266,NaN,19.5518,NaN,0.0000,NaN,0.6531,NaN,15.9105,NaN,23.1930,NaN,518.00,NaN
window_movement,window_300ms,-3.6764,4.5490,38.4858,15.6789,-6.8746,8.6050,-0.4782,0.5290,52.1071,30.9941,24.8645,6.2223,564.25,619.7500,0.6431,NaN,10.8364,NaN,0.5790,NaN,0.7072,NaN,11.8175,NaN,9.8553,NaN,NaN,NaN
window_movement,window_300ms,-0.7798,0.3306,53.4425,4.6141,-1.1477,0.9586,-0.4119,0.1734,58.0750,14.5275,48.8100,6.0693,351.50,481.0000,0.6122,NaN,24.1853,NaN,0.7391,NaN,0.4854,NaN,20.1169,NaN,28.2538,NaN,NaN,NaN
window_movement,window_300ms,0.0000,0.0000,36.6547,24.0360,0.0000,0.0000,0.0000,0.0000,56.7439,19.7344,16.5655,17.7177,NaN,NaN,NaN,NaN,NaN,NaN,NaN,NaN,NaN,NaN,NaN,NaN,NaN,NaN,NaN,NaN
window_movement,window_500ms,-3.1582,3.1770,25.5900,14.6160,-6.3165,6.3540,0.0000,0.0000,49.2584,27.5998,1.9216,1.6321,372.00,NaN,0.0491,NaN,9.5579,NaN,0.0982,NaN,0.0000,NaN,14.0184,NaN,5.0974,NaN,NaN,NaN
window_movement,window_500ms,-0.5335,0.6401,32.6884,12.9975,-1.0671,1.2803,0.0000,0.0000,59.2609,17.0611,6.1160,6.9339,1219.33,496.0000,0.1826,NaN,21.9637,NaN,0.3652,NaN,0.0000,NaN,29.6771,NaN,14.2503,NaN,NaN,NaN
window_movement,window_500ms,-0.3010,0.1949,38.3891,16.0719,-0.6020,0.3897,0.0000,0.0000,62.6710,10.3454,14.1072,20.9908,1023.00,403.0000,0.1449,NaN,28.3187,NaN,0.2899,NaN,0.0000,NaN,39.9723,NaN,16.6651,NaN,NaN,NaN
window_movement,window_500ms,-14.1305,23.2763,32.2281,33.5517,-28.2610,46.5527,0.0000,0.0000,62.6215,65.4557,1.8346,1.3571,558.00,155.0000,-0.0256,NaN,7.8650,NaN,-0.0512,NaN,0.0000,NaN,12.8862,NaN,2.8438,NaN,NaN,NaN
window_movement,window_500ms,-0.4123,0.2479,49.3735,11.8812,0.0000,0.0000,-0.8245,0.4959,71.2674,24.2016,27.4796,5.1380,744.00,713.0000,0.1016,NaN,11.5489,NaN,0.0000,NaN,0.2032,NaN,6.3993,NaN,16.6986,NaN,930.00,NaN
window_movement,window_500ms,-0.1400,0.0940,58.0735,9.5944,0.0000,0.0000,-0.2801,0.1880,69.7763,19.9690,46.3706,2.3979,806.00,341.0000,0.1370,NaN,22.8007,NaN,0.0000,NaN,0.2740,NaN,12.0472,NaN,33.5542,NaN,1178.00,NaN
window_movement,window_500ms,-4.9343,3.9819,43.7580,9.2613,-8.9350,8.5237,-0.9337,0.5303,59.0873,27.0055,28.4286,3.0555,728.50,294.5000,0.1422,NaN,16.8204,NaN,0.0128,NaN,0.2716,NaN,18.0966,NaN,15.5442,NaN,NaN,NaN
window_movement,window_500ms,-1.0111,0.3173,56.8669,3.3775,-1.5057,0.5778,-0.5165,0.1916,63.0669,9.1801,50.6669,6.2789,496.00,124.0000,0.2957,NaN,33.0508,NaN,0.3198,NaN,0.2717,NaN,32.4860,NaN,33.6156,NaN,NaN,NaN
window_movement,window_500ms,0.0000,0.0000,42.4233,19.8010,0.0000,0.0000,0.0000,0.0000,68.7951,18.5949,16.0514,15.7465,NaN,NaN,NaN,NaN,NaN,NaN,NaN,NaN,NaN,NaN,NaN,NaN,NaN,NaN,NaN,NaN
window,window_100ms,-1.0866,0.8531,32.8227,12.6280,-1.7038,0.5933,-0.4694,0.5086,37.2148,23.3040,28.4306,32.3213,496.00,430.0000,0.4556,0.0845,12.0400,7.8370,0.5485,0.3827,0.3627,0.7668,12.7940,8.6981,11.2859,7.4351,330.50,223.5000
window,window_150ms,-1.3511,0.9265,34.9839,18.1542,-2.2940,0.6722,-0.4083,0.5088,40.9290,14.9920,29.0388,20.2585,500.26,280.2500,0.4686,0.1012,11.3250,7.9168,0.5698,0.4834,0.3673,0.7775,10.5598,6.2107,12.0901,9.8311,241.78,62.2250
window,window_200ms,-2.1754,0.8287,39.5200,23.3676,-3.9430,1.4928,-0.4079,0.3924,52.8918,27.5418,26.1482,41.5148,345.31,268.7500,0.4321,0.0906,11.9558,8.1452,0.5332,0.4354,0.3310,0.7215,13.0964,7.8723,10.8152,8.8705,300.00,175.0000
window,window_300ms,-2.3449,1.0736,39.8574,25.8104,-4.4570,1.7770,-0.2327,0.2407,57.1468,29.6578,22.5681,37.9049,361.46,407.0000,0.3696,0.1187,14.2624,9.6393,0.4318,0.5949,0.3075,0.6239,15.7481,7.9104,12.7766,7.9184,499.50,18.5000
window,window_500ms,-2.7108,1.0967,43.1289,28.2183,-5.1211,2.0227,-0.3006,0.4600,63.6677,34.5305,22.5901,39.3207,775.00,651.0000,0.1285,0.0659,18.9908,13.1290,0.1293,0.2974,0.1276,0.2716,20.6979,17.7029,17.2837,8.9504,1054.00,124.0000
